R_m,A,outcome,P,T,E,E2,how_P,E_over_Eb_at_pulse_end_P,impacts_in_pulse_P,N_min_P,max_H_over_N_P,contact_label
0.25,1.00,S,S,S,S,S,rest,0.000000000000,0,1.000000000,0.202709900,within contact bounds
0.25,1.01,S,S,S,S,S,rest,0.000000000000,736,0.943144816,0.203215180,within contact bounds
0.25,1.02,S,S,S,S,S,energy after landing,0.000006696812,409,0.945454699,0.203717318,within contact bounds
0.25,1.03,S,S,S,S,S,energy outward,0.000124992122,116,0.940851694,0.204216494,within contact bounds
0.25,1.04,S,S,S,S,S,energy outward,0.000749569236,24,0.943801171,0.204712746,within contact bounds
0.25,1.05,S,S,S,S,S,energy outward,0.002257896032,16,0.940050718,0.205206302,within contact bounds
0.25,1.06,S,S,S,S,S,energy outward,0.010937000093,10,0.943536221,0.205697060,within contact bounds
0.25,1.07,S,S,S,S,S,energy outward,0.023824551700,8,0.944122624,0.206185422,within contact bounds
0.25,1.08,S,S,S,S,S,energy outward,0.026287125928,6,0.950319223,0.206671100,within contact bounds
0.25,1.09,S,S,S,S,S,energy after landing,0.057256464821,5,0.942518046,0.207154492,within contact bounds
0.25,1.10,S,S,S,S,S,energy outward,0.025383431570,4,0.957005613,0.207635493,within contact bounds
0.25,1.11,S,S,S,S,S,energy after landing,0.102936145254,3,0.952479554,0.208114098,within contact bounds
0.25,1.12,S,S,S,S,S,energy after landing,0.146887181761,3,0.947799842,0.208590751,within contact bounds
0.25,1.13,S,S,S,S,S,energy after landing,0.150013760338,3,0.942865541,0.209065080,within contact bounds
0.25,1.14,S,S,S,S,S,energy after landing,0.076377775095,3,0.937539918,0.209537277,within contact bounds
0.25,1.15,S,S,S,S,S,energy after landing,0.055272917271,1,0.967783989,0.210007578,within contact bounds
0.25,1.16,S,S,S,S,S,energy after landing,0.155252680782,1,0.965812486,0.210475987,within contact bounds
0.25,1.17,S,S,S,S,S,energy after landing,0.251571960833,1,0.963025778,0.210942353,within contact bounds
0.25,1.18,S,S,S,S,S,energy outward,0.344483784711,1,0.960303078,0.211406842,within contact bounds
0.25,1.19,S,S,S,S,S,energy outward,0.434207811082,1,0.957673794,0.211869669,within contact bounds
0.25,1.20,S,S,S,S,S,energy outward,0.520936194444,1,0.955132295,0.212330673,within contact bounds
0.25,1.21,S,S,S,S,S,energy outward,0.604838187928,1,0.952673621,0.212789911,within contact bounds
0.25,1.22,S,S,S,S,S,energy outward,0.686063802198,1,0.950293376,0.213247467,within contact bounds
0.25,1.23,S,S,S,S,S,energy outward,0.764746747402,1,0.947987641,0.213703453,within contact bounds
0.25,1.24,S,S,S,S,S,energy outward,0.841006823073,1,0.945752907,0.214157900,within contact bounds
0.25,1.25,S,S,S,S,S,energy outward,0.914951877707,1,0.943586012,0.214610852,within contact bounds
0.25,1.26,S,S,S,S,S,energy outward,0.986679429148,1,0.941484099,0.215062273,within contact bounds
0.25,1.27,O,O,O,O,O,energy outward,1.056278014851,1,0.945008195,0.215512191,within contact bounds
0.25,1.28,O,O,O,O,O,energy outward,1.123828325071,1,0.943182082,0.215960515,within contact bounds
0.25,1.29,O,O,O,O,O,energy outward,1.189404160058,1,0.941365075,0.216407652,within contact bounds
0.25,1.30,O,O,O,O,O,energy outward,1.253073243485,1,0.939556931,0.216853463,within contact bounds
0.25,1.31,O,O,O,O,O,energy outward,1.314897917548,1,0.937757451,0.217297653,within contact bounds
0.25,1.32,O,O,O,O,O,energy outward,1.374935740036,1,0.935966480,0.217740904,within contact bounds
0.25,1.33,O,O,O,O,O,energy outward,1.433239999664,1,0.934183908,0.218182589,within contact bounds
0.25,1.34,O,O,O,O,O,energy outward,1.489860162873,1,0.932409667,0.218623216,within contact bounds
0.25,1.35,O,O,O,O,O,energy outward,1.544842262838,1,0.930643728,0.219062551,within contact bounds
0.25,1.36,O,O,O,O,O,energy outward,1.598229239505,1,0.928886108,0.219500598,within contact bounds
0.25,1.37,O,O,O,O,O,energy outward,1.650061237927,1,0.927136863,0.219937708,within contact bounds
0.25,1.38,O,O,O,O,O,energy outward,1.700375870942,1,0.925396090,0.220373547,within contact bounds
0.25,1.39,O,O,O,O,O,energy outward,1.749208451216,1,0.923663926,0.220808201,within contact bounds
0.25,1.40,O,O,O,O,O,energy outward,1.796592196871,1,0.921940549,0.221241677,within contact bounds
0.25,1.41,O,O,O,O,O,energy outward,1.842558414262,1,0.920226176,0.221674260,within contact bounds
0.25,1.42,O,O,O,O,O,energy outward,1.887136660898,1,0.918521062,0.222105780,within contact bounds
0.25,1.43,O,O,O,O,O,energy outward,1.930354891063,1,0.916825504,0.222536326,within contact bounds
0.25,1.44,O,O,O,O,O,energy outward,1.972239586323,1,0.915139835,0.222965768,within contact bounds
0.25,1.45,O,O,O,O,O,energy outward,2.012815872772,1,0.913464427,0.223394212,within contact bounds
0.25,1.46,O,O,O,O,O,energy outward,2.052107626635,1,0.911799691,0.223821680,within contact bounds
0.25,1.47,O,O,O,O,O,energy outward,2.090137569605,1,0.910146077,0.224248191,within contact bounds
0.25,1.48,O,O,O,O,O,energy outward,2.126927355102,1,0.908504070,0.224673755,within contact bounds
0.25,1.49,O,O,O,O,O,energy outward,2.162497646510,1,0.906874195,0.225331067,within contact bounds
0.25,1.50,O,O,O,O,O,energy outward,2.196868188295,1,0.905257015,0.226351323,within contact bounds
0.25,1.51,O,O,O,O,O,energy outward,2.230057870774,1,0.903653129,0.227312909,within contact bounds
0.25,1.52,O,O,O,O,O,energy outward,2.262084789266,1,0.902063176,0.228215858,within contact bounds
0.25,1.53,O,O,O,O,O,energy outward,2.292966298199,1,0.900487830,0.229060171,within contact bounds
0.25,1.54,O,O,O,O,O,energy outward,2.322719060735,1,0.898927804,0.229845821,within contact bounds
0.25,1.55,O,O,O,O,O,energy outward,2.351359094374,1,0.897383849,0.230572749,within contact bounds
0.25,1.56,O,O,O,O,O,energy outward,2.378901812970,1,0.895856754,0.231240871,within contact bounds
0.25,1.57,O,O,O,O,O,energy outward,2.405362065529,1,0.894347344,0.231850072,within contact bounds
0.25,1.58,O,O,O,O,O,energy outward,2.430754172117,1,0.892856484,0.232400206,within contact bounds
0.25,1.59,O,O,O,O,O,energy outward,2.455091957193,1,0.891385077,0.232891099,within contact bounds
0.25,1.60,O,O,O,O,O,energy outward,2.478388780630,1,0.889934063,0.233322548,within contact bounds
0.25,1.61,O,O,O,O,O,energy outward,2.500657566656,1,0.888504423,0.233694319,within contact bounds
0.25,1.62,O,O,O,O,O,energy outward,2.521910830955,1,0.887097174,0.234006150,within contact bounds
0.25,1.63,O,O,O,O,O,energy outward,2.542160706111,1,0.885713376,0.234257747,within contact bounds
0.25,1.64,O,O,O,O,O,energy outward,2.561418965591,1,0.884354126,0.234448788,within contact bounds
0.25,1.65,O,O,O,O,O,energy outward,2.579697046422,1,0.883020561,0.234578919,within contact bounds
0.25,1.66,O,O,O,O,O,energy outward,2.597006070730,1,0.881713859,0.234647759,within contact bounds
0.25,1.67,O,O,O,O,O,energy outward,2.613356866266,1,0.880435240,0.234654893,within contact bounds
0.25,1.68,O,O,O,O,O,energy outward,2.628759986080,1,0.879185964,0.234599877,within contact bounds
0.25,1.69,O,O,O,O,O,energy outward,2.643225727447,1,0.877967333,0.234482239,within contact bounds
0.25,1.70,O,O,O,O,O,energy outward,2.656764150167,1,0.876780692,0.234301472,within contact bounds
0.25,1.71,O,O,O,O,O,energy outward,2.669385094371,1,0.875627430,0.234237151,within contact bounds
0.25,1.72,O,O,O,O,O,energy outward,2.681098197925,1,0.874508979,0.234644639,within contact bounds
0.25,1.73,O,O,O,O,O,energy outward,2.691912913551,1,0.873426814,0.235051162,within contact bounds
0.25,1.74,O,O,O,O,O,energy outward,2.701838525768,1,0.872382459,0.235457295,within contact bounds
0.25,1.75,O,O,O,O,O,energy outward,2.710884167757,1,0.871377482,0.235862788,within contact bounds
0.25,1.76,O,O,O,O,O,energy outward,2.719058838269,1,0.870413498,0.236267495,within contact bounds
0.25,1.77,O,O,O,O,O,energy outward,2.726371418668,1,0.869492171,0.236671976,within contact bounds
0.25,1.78,O,O,O,O,O,energy outward,2.732830690237,1,0.868615213,0.237075453,within contact bounds
0.25,1.79,O,O,O,O,O,energy outward,2.738445351851,1,0.867784388,0.237478811,within contact bounds
0.25,1.80,O,O,O,O,O,energy outward,2.743224038150,1,0.867001508,0.237881117,within contact bounds
0.25,1.81,O,O,O,O,O,energy outward,2.747175338337,1,0.866268443,0.238283375,within contact bounds
0.25,1.82,O,O,O,O,O,energy outward,2.750307815741,1,0.865587111,0.238684595,within contact bounds
0.25,1.83,O,O,O,O,O,energy outward,2.752630028292,1,0.864959488,0.239085744,within contact bounds
0.25,1.84,O,O,O,O,O,energy outward,2.754150550079,1,0.864387608,0.239485950,within contact bounds
0.25,1.85,O,O,O,O,O,energy outward,2.754877994158,1,0.863873560,0.239886027,within contact bounds
0.25,1.86,O,O,O,O,O,energy outward,2.754821036814,1,0.863419495,0.240285172,within contact bounds
0.25,1.87,O,O,O,O,O,energy outward,2.753988443494,1,0.863027624,0.240684207,within contact bounds
0.25,1.88,O,O,O,O,O,energy outward,2.752389096641,1,0.862700224,0.241082337,within contact bounds
0.25,1.89,O,O,O,O,O,energy outward,2.750032025712,1,0.862439634,0.241480366,within contact bounds
0.25,1.90,O,O,O,O,O,energy outward,2.746926439679,1,0.862248263,0.241877548,within contact bounds
0.25,1.91,O,O,O,O,O,energy outward,2.743081762342,1,0.862128587,0.242274545,within contact bounds
0.25,1.92,O,O,O,O,O,energy outward,2.738507670854,1,0.862083155,0.242670834,within contact bounds
0.25,1.93,O,O,O,O,O,energy outward,2.733214137892,1,0.862114592,0.243066657,within contact bounds
0.25,1.94,O,O,O,O,O,energy outward,2.727211477961,1,0.862225595,0.243462225,within contact bounds
0.25,1.95,O,O,O,O,O,energy outward,2.720510398422,1,0.862418946,0.243856905,within contact bounds
0.25,1.96,O,O,O,O,O,energy outward,2.713122055873,1,0.862697504,0.244251737,within contact bounds
0.25,1.97,O,O,O,O,O,energy outward,2.705058118656,1,0.863064218,0.244645656,within contact bounds
0.25,1.98,O,O,O,O,O,energy outward,2.696330836351,1,0.863522122,0.245039368,within contact bounds
0.25,1.99,O,O,O,O,O,energy outward,2.686953117259,1,0.864074345,0.245432571,within contact bounds
0.25,2.00,O,O,O,O,O,energy outward,2.676938615047,1,0.864724108,0.245825099,within contact bounds
0.25,2.01,O,O,O,O,O,energy outward,2.666301825929,1,0.865474734,0.246217641,within contact bounds
0.25,2.02,O,O,O,O,O,energy outward,2.655058197961,1,0.866329649,0.246609405,within contact bounds
0.25,2.03,O,O,O,O,O,energy outward,2.643224254344,1,0.867292385,0.247000901,within contact bounds
0.25,2.04,O,O,O,O,O,energy outward,2.630817732931,1,0.868366589,0.247392022,within contact bounds
0.25,2.05,O,O,O,O,O,energy outward,2.617857744574,1,0.869556022,0.247782417,within contact bounds
0.25,2.06,O,O,O,O,O,energy outward,2.604364953398,1,0.870864568,0.248172929,within contact bounds
0.25,2.07,O,O,O,O,O,energy outward,2.590361782734,1,0.872296240,0.248562746,within contact bounds
0.25,2.08,O,O,O,O,O,energy outward,2.575872651148,1,0.873855179,0.248951880,within contact bounds
0.25,2.09,O,O,O,O,O,energy outward,2.560924243926,1,0.875545671,0.249341273,within contact bounds
0.25,2.10,O,O,O,O,O,energy outward,2.545545826488,1,0.877372142,0.249729784,within contact bounds
0.25,2.11,O,O,O,O,O,energy outward,2.529769607629,1,0.879339170,0.250118051,within contact bounds
0.25,2.12,O,O,O,O,O,energy outward,2.513631162190,1,0.881451492,0.250506129,within contact bounds
0.25,2.13,O,O,O,O,O,energy outward,2.497169925040,1,0.883714010,0.250893473,within contact bounds
0.25,2.14,O,O,O,O,O,energy outward,2.480429770997,1,0.886131797,0.251280637,within contact bounds
0.25,2.15,O,O,O,O,O,energy outward,2.463459698937,1,0.888710103,0.251667635,within contact bounds
0.25,2.16,O,O,O,O,O,energy after landing,2.763792522913,0,0.889407362,0.252053897,within contact bounds
0.25,2.17,O,O,O,O,O,energy after landing,2.743912622860,0,0.889989925,0.252439919,within contact bounds
0.25,2.18,O,O,O,O,O,energy after landing,2.723626230030,0,0.890584399,0.252825888,within contact bounds
0.25,2.19,O,O,O,O,O,energy after landing,2.702933316940,0,0.891190787,0.253211198,within contact bounds
0.25,2.20,O,O,O,O,O,energy after landing,2.681833887283,0,0.891809087,0.253596087,within contact bounds
0.25,2.21,O,O,O,O,O,energy after landing,2.660327976098,0,0.892439299,0.253980965,within contact bounds
0.25,2.22,O,O,O,O,O,energy after landing,2.638415649948,0,0.893081421,0.254365282,within contact bounds
0.25,2.23,O,O,O,O,O,energy after landing,2.616097007092,0,0.893735449,0.254749079,within contact bounds
0.25,2.24,O,O,O,O,O,energy after landing,2.593372177651,0,0.894401380,0.255133034,within contact bounds
0.25,2.25,O,O,O,O,O,energy after landing,2.570241323786,0,0.895079209,0.255516438,within contact bounds
0.25,2.26,O,O,O,O,O,energy after landing,2.546704639862,0,0.895768931,0.255899209,within contact bounds
0.25,2.27,O,O,O,O,O,energy after landing,2.522762352615,0,0.896470539,0.256282017,within contact bounds
0.25,2.28,O,O,O,O,O,energy after landing,2.498414721321,0,0.897184025,0.256664617,within contact bounds
0.25,2.29,O,O,O,O,O,energy after landing,2.473662037965,0,0.897909380,0.257046634,within contact bounds
0.25,2.30,O,O,O,O,O,energy after landing,2.448504627397,0,0.898646596,0.257428209,within contact bounds
0.25,2.31,O,O,O,O,O,energy after landing,2.422942847505,0,0.899395662,0.257809915,within contact bounds
0.25,2.32,O,O,O,O,O,energy after landing,2.396977089372,0,0.900156565,0.258191153,within contact bounds
0.25,2.33,O,O,O,O,O,energy after landing,2.370607777442,0,0.900929295,0.258571823,within contact bounds
0.25,2.34,O,O,O,O,O,event,1.031274835525,0,0.966527138,0.258952400,within contact bounds
0.25,2.35,O,O,O,O,O,event,1.090773991666,0,0.966056308,0.259332850,within contact bounds
0.25,2.36,O,O,O,O,O,event,1.148751372050,0,0.965575318,0.259712847,within contact bounds
0.25,2.37,O,O,O,O,O,event,1.205489232619,0,0.965084314,0.260092341,within contact bounds
0.25,2.38,O,O,O,O,O,event,1.261148706417,0,0.964582873,0.260471818,within contact bounds
0.25,2.39,O,O,O,O,O,event,1.315841688678,0,0.964071640,0.260851175,within contact bounds
0.25,2.40,O,O,O,O,O,event,1.369653167987,0,0.963550305,0.261230009,within contact bounds
0.25,2.41,O,O,O,O,O,event,1.422651174398,0,0.963018923,0.261608360,within contact bounds
0.25,2.42,O,O,O,O,O,event,1.474892082996,0,0.962477731,0.261986689,within contact bounds
0.25,2.43,O,O,O,O,O,event,1.526423775946,0,0.961926677,0.262365002,within contact bounds
0.25,2.44,O,O,O,O,O,event,1.577287679118,0,0.961365622,0.262742648,within contact bounds
0.25,2.45,O,O,O,O,O,event,1.627520150483,0,0.960794663,0.263119935,within contact bounds
0.25,2.46,O,O,O,O,O,event,1.677153468767,0,0.960213980,0.263497525,within contact bounds
0.25,2.47,O,O,O,O,O,event,1.726216562198,0,0.959623294,0.263874530,within contact bounds
0.25,2.48,O,O,O,O,O,event,1.774735560965,0,0.959023040,0.264251299,within contact bounds
0.25,2.49,O,O,O,O,O,event,1.822734225878,0,0.958413018,0.264627403,within contact bounds
0.25,2.50,O,O,O,O,O,event,1.870234287540,0,0.957793135,0.265003778,within contact bounds
0.25,2.51,O,O,O,O,O,event,1.917255719249,0,0.957163603,0.265380026,within contact bounds
0.25,2.52,O,O,O,O,O,event,1.963816959748,0,0.956524436,0.265755717,within contact bounds
0.25,2.53,O,O,O,O,O,event,2.009935097355,0,0.955875539,0.266130981,within contact bounds
0.25,2.54,O,O,O,O,O,event,2.055626023857,0,0.955216927,0.266506307,within contact bounds
0.25,2.55,O,O,O,O,O,event,2.100904564403,0,0.954548710,0.266881488,within contact bounds
0.25,2.56,O,O,O,O,O,event,2.145784588094,0,0.953871101,0.267256338,within contact bounds
0.25,2.57,O,O,O,O,O,event,2.190279102895,0,0.953183348,0.267630853,within contact bounds
0.25,2.58,O,O,O,O,O,event,2.234400337660,0,0.952486498,0.268004958,within contact bounds
0.25,2.59,O,O,O,O,O,event,2.278159813484,0,0.951779560,0.268379063,within contact bounds
0.25,2.60,O,O,O,O,O,event,2.321568406132,0,0.951063239,0.268753221,within contact bounds
0.25,2.61,O,O,O,O,O,event,2.364636400956,0,0.950337434,0.269126905,within contact bounds
0.25,2.62,O,O,O,O,O,event,2.407373541443,0,0.949602059,0.269500185,within contact bounds
0.25,2.63,O,O,O,O,O,event,2.449789072330,0,0.948857066,0.269873159,within contact bounds
0.25,2.64,O,O,O,O,O,event,2.491891778047,0,0.948102442,0.270246403,within contact bounds
0.25,2.65,O,O,O,O,O,event,2.533690017140,0,0.947338203,0.270619320,within contact bounds
0.25,2.66,O,O,O,O,O,event,2.575191753198,0,0.946564354,0.270991822,within contact bounds
0.25,2.67,O,O,O,O,O,event,2.616404582732,0,0.945781104,0.271364074,within contact bounds
0.25,2.68,O,O,O,O,O,event,2.657335760395,0,0.944988466,0.271736117,within contact bounds
0.25,2.69,O,O,O,O,O,event,2.697992221851,0,0.944186115,0.272108400,within contact bounds
0.25,2.70,O,O,O,O,O,event,2.738380604581,0,0.943374107,0.272480180,within contact bounds
0.25,2.71,O,O,O,O,O,event,2.778507266858,0,0.942553084,0.272851671,within contact bounds
0.25,2.72,O,O,O,O,O,event,2.818378305091,0,0.941721820,0.273222774,within contact bounds
0.25,2.73,O,O,O,O,O,event,2.857999569720,0,0.940881674,0.273593917,within contact bounds
0.25,2.74,O,O,O,O,O,event,2.897376679812,0,0.940031456,0.273965219,within contact bounds
0.25,2.75,O,O,O,O,O,event,2.936515036492,0,0.939172321,0.274336014,within contact bounds
0.25,2.76,O,O,O,O,O,event,2.975419835331,0,0.938303078,0.274706628,within contact bounds
0.25,2.77,O,O,O,O,O,event,3.014096077787,0,0.937424640,0.275076856,within contact bounds
0.25,2.78,O,O,O,O,O,event,3.052548581792,0,0.936537033,0.275446900,within contact bounds
0.25,2.79,O,O,O,O,O,event,3.090781991569,0,0.935639232,0.275817212,within contact bounds
0.25,2.80,O,O,O,O,O,event,3.128800786746,0,0.934732154,0.276187156,within contact bounds
0.25,2.81,O,O,O,O,O,event,3.166609290829,0,0.933815759,0.276556763,within contact bounds
0.25,2.82,O,O,O,O,O,event,3.204211679097,0,0.932889986,0.276926063,within contact bounds
0.25,2.83,O,O,O,O,O,event,3.241611985962,0,0.931954634,0.277295297,within contact bounds
0.25,2.84,O,O,O,O,O,event,3.278814111845,0,0.931009490,0.277664671,within contact bounds
0.25,2.85,O,O,O,O,O,event,3.315821829602,0,0.930054930,0.278033771,within contact bounds
0.25,2.86,O,O,O,O,O,event,3.352638790540,0,0.929090927,0.278402617,within contact bounds
0.25,2.87,O,O,O,O,O,event,3.389268530063,0,0.928117462,0.278771228,within contact bounds
0.25,2.88,O,O,O,O,O,event,3.425714472963,0,0.927134533,0.279139454,within contact bounds
0.25,2.89,O,O,O,O,O,event,3.461979938394,0,0.926142114,0.279507914,within contact bounds
0.25,2.90,O,O,O,O,O,event,3.498068144546,0,0.925140221,0.279876162,within contact bounds
0.25,2.91,O,O,O,O,O,event,3.533982213052,0,0.924128864,0.280244212,within contact bounds
0.25,2.92,O,O,O,O,O,event,3.569725173134,0,0.923108069,0.280611875,within contact bounds
0.25,2.93,O,O,O,O,O,event,3.605299965519,0,0.922077839,0.280979471,within contact bounds
0.25,2.94,O,O,O,O,O,event,3.640709446131,0,0.921038132,0.281346914,within contact bounds
0.25,2.95,O,O,O,O,O,event,3.675956389585,0,0.919988547,0.281714649,within contact bounds
0.25,2.96,O,O,O,O,O,event,3.711043492486,0,0.918939438,0.282081904,within contact bounds
0.25,2.97,O,O,O,O,O,event,3.745973376554,0,0.917895030,0.282449003,within contact bounds
0.25,2.98,O,O,O,O,O,event,3.780748591589,0,0.916855247,0.282815779,within contact bounds
0.25,2.99,O,O,O,O,O,event,3.815371618269,0,0.915820013,0.283182563,within contact bounds
0.25,3.00,O,O,O,O,O,event,3.849844870822,0,0.914789259,0.283549213,within contact bounds
0.25,3.01,O,O,O,O,O,event,3.884170699546,0,0.913762912,0.283915723,within contact bounds
0.25,3.02,O,O,O,O,O,event,3.918351393214,0,0.912740905,0.284282309,within contact bounds
0.25,3.03,O,O,O,O,O,event,3.952389181356,0,0.911723170,0.284648552,within contact bounds
0.25,3.04,O,O,O,O,O,event,3.986286236432,0,0.910709644,0.285014425,within contact bounds
0.25,3.05,O,O,O,O,O,event,4.020044675900,0,0.909700262,0.285380448,within contact bounds
0.25,3.06,O,O,O,O,O,event,4.053666564184,0,0.908694963,0.285746208,within contact bounds
0.25,3.07,O,O,O,O,O,event,4.087153914551,0,0.907693687,0.286111837,within contact bounds
0.25,3.08,O,O,O,O,O,event,4.120508690904,0,0.906696374,0.286477757,within contact bounds
0.25,3.09,O,O,O,O,O,event,4.153732809490,0,0.905702969,0.286843165,within contact bounds
0.25,3.10,O,O,O,O,O,event,4.186828140528,0,0.904713414,0.287208550,within contact bounds
0.25,3.11,O,O,O,O,O,event,4.219796509770,0,0.903727655,0.287573446,within contact bounds
0.25,3.12,O,O,O,O,O,event,4.252639699992,0,0.902745640,0.287938713,within contact bounds
0.25,3.13,O,O,O,O,O,event,4.285359452415,0,0.901767315,0.288303553,within contact bounds
0.25,3.14,O,O,O,O,O,event,4.317957468070,0,0.900792630,0.288668699,within contact bounds
0.25,3.15,O,O,O,O,O,event,4.350435409101,0,0.899821535,0.289033422,within contact bounds
0.25,3.16,O,O,O,O,O,event,4.382794900018,0,0.898853982,0.289398099,within contact bounds
0.25,3.17,O,O,O,O,O,event,4.415037528888,0,0.897889923,0.289762437,within contact bounds
0.25,3.18,O,O,O,O,O,event,4.447164848491,0,0.896929312,0.290126619,within contact bounds
0.25,3.19,O,O,O,O,O,event,4.479178377412,0,0.895972103,0.290491252,within contact bounds
0.25,3.20,O,O,O,O,O,event,4.511079601104,0,0.895018252,0.290855288,within contact bounds
0.25,3.21,O,O,O,O,O,event,4.542869972899,0,0.894067716,0.291219595,within contact bounds
0.25,3.22,O,O,O,O,O,event,4.574550914978,0,0.893120451,0.291583565,within contact bounds
0.25,3.23,O,O,O,O,O,event,4.606123819314,0,0.892176417,0.291947211,within contact bounds
0.25,3.24,O,O,O,O,O,event,4.637590048563,0,0.891235573,0.292310919,within contact bounds
0.25,3.25,O,O,O,O,O,event,4.668950936932,0,0.890297878,0.292674595,within contact bounds
0.25,3.26,O,O,O,O,O,event,4.700207791010,0,0.889363294,0.293038265,within contact bounds
0.25,3.27,O,O,O,O,O,event,4.731361890565,0,0.888431782,0.293401995,within contact bounds
0.25,3.28,O,O,O,O,O,event,4.762414489317,0,0.887503305,0.293765448,within contact bounds
0.25,3.29,O,O,O,O,O,event,4.793366815677,0,0.886577827,0.294128634,within contact bounds
0.25,3.30,O,O,O,O,O,event,4.824220073459,0,0.885655310,0.294491567,within contact bounds
0.25,3.31,O,O,O,O,O,event,4.854975442572,0,0.884735721,0.294854843,within contact bounds
0.25,3.32,O,O,O,O,O,event,4.885634079679,0,0.883819023,0.295218107,within contact bounds
0.25,3.33,O,O,O,O,O,event,4.916197118839,0,0.882905184,0.295581135,within contact bounds
0.25,3.34,O,O,O,O,O,event,4.946665672119,0,0.881994171,0.295943921,within contact bounds
0.25,3.35,O,O,O,O,O,event,4.977040830193,0,0.881085949,0.296306814,within contact bounds
0.25,3.36,O,O,O,O,O,event,5.007323662915,0,0.880180489,0.296669499,within contact bounds
0.25,3.37,O,O,O,O,O,event,5.037515219871,0,0.879277757,0.297031984,within contact bounds
0.25,3.38,O,O,O,O,O,event,5.067616530913,0,0.878377724,0.297394280,within contact bounds
0.25,3.39,O,O,O,O,O,event,5.097628606683,0,0.877480359,0.297756932,within contact bounds
0.25,3.40,O,O,O,O,O,event,5.127552439101,0,0.876585632,0.298119552,within contact bounds
0.25,3.41,O,O,O,O,O,event,5.157389001858,0,0.875693515,0.298481997,within contact bounds
0.25,3.42,O,O,O,O,O,event,5.187139250876,0,0.874803979,0.298844273,within contact bounds
0.25,3.43,O,O,O,O,O,event,5.216804124761,0,0.873916995,0.299206389,within contact bounds
0.25,3.44,O,O,O,O,O,event,5.246384545240,0,0.873032536,0.299568354,within contact bounds
0.25,3.45,O,O,O,O,O,event,5.275881417583,0,0.872150576,0.299930175,within contact bounds
0.25,3.46,O,O,O,O,O,event,5.305295631011,0,0.871271087,0.300292439,ideal no-slip/no-flight constraint result
0.25,3.47,O,O,O,O,O,event,5.334628059090,0,0.870394043,0.300654568,ideal no-slip/no-flight constraint result
0.25,3.48,O,O,O,O,O,event,5.363879560119,0,0.869519420,0.301016562,ideal no-slip/no-flight constraint result
0.25,3.49,O,O,O,O,O,event,5.393050977495,0,0.868647190,0.301378430,ideal no-slip/no-flight constraint result
0.25,3.50,O,O,O,O,O,event,5.422143140075,0,0.867777331,0.301739754,ideal no-slip/no-flight constraint result
0.25,3.51,O,O,O,O,O,event,5.451156862527,0,0.866909817,0.302101685,ideal no-slip/no-flight constraint result
0.25,3.52,O,O,O,O,O,event,5.480092945661,0,0.866044624,0.302463502,ideal no-slip/no-flight constraint result
0.25,3.53,O,O,O,O,O,event,5.508952176762,0,0.865181729,0.302825208,ideal no-slip/no-flight constraint result
0.25,3.54,O,O,O,O,O,event,5.537735329904,0,0.864321109,0.303186812,ideal no-slip/no-flight constraint result
0.25,3.55,O,O,O,O,O,event,5.566443166259,0,0.863462741,0.303548319,ideal no-slip/no-flight constraint result
0.25,3.56,O,O,O,O,O,event,5.595076434395,0,0.862606602,0.303909735,ideal no-slip/no-flight constraint result
0.25,3.57,O,O,O,O,O,event,5.623635870565,0,0.861752671,0.304271066,ideal no-slip/no-flight constraint result
0.25,3.58,O,O,O,O,O,event,5.652122198990,0,0.860900926,0.304632317,ideal no-slip/no-flight constraint result
0.25,3.59,O,O,O,O,O,event,5.680536132130,0,0.860051346,0.304993493,ideal no-slip/no-flight constraint result
0.25,3.60,O,O,O,O,O,event,5.708878370947,0,0.859203909,0.305355309,ideal no-slip/no-flight constraint result
0.25,3.61,O,O,O,O,O,event,5.737149605169,0,0.858358596,0.305716572,ideal no-slip/no-flight constraint result
0.25,3.62,O,O,O,O,O,event,5.765350513533,0,0.857515385,0.306077768,ideal no-slip/no-flight constraint result
0.25,3.63,O,O,O,O,O,event,5.793481764029,0,0.856674257,0.306438902,ideal no-slip/no-flight constraint result
0.25,3.64,O,O,O,O,O,event,5.821544014138,0,0.855835192,0.306799980,ideal no-slip/no-flight constraint result
0.25,3.65,O,O,O,O,O,event,5.849537911061,0,0.854998170,0.307161006,ideal no-slip/no-flight constraint result
0.25,3.66,O,O,O,O,O,event,5.877464091940,0,0.854163174,0.307522411,ideal no-slip/no-flight constraint result
0.25,3.67,O,O,O,O,O,event,5.905323184075,0,0.853330183,0.307883519,ideal no-slip/no-flight constraint result
0.25,3.68,O,O,O,O,O,event,5.933115805136,0,0.852499180,0.308244581,ideal no-slip/no-flight constraint result
0.25,3.69,O,O,O,O,O,event,5.960842563366,0,0.851670146,0.308605600,ideal no-slip/no-flight constraint result
0.25,3.70,O,O,O,O,O,event,5.988504057783,0,0.850843064,0.308966581,ideal no-slip/no-flight constraint result
0.25,3.71,O,O,O,O,O,event,6.016100878370,0,0.850017915,0.309327527,ideal no-slip/no-flight constraint result
0.25,3.72,O,O,O,O,O,event,6.043633606267,0,0.849194683,0.309688343,ideal no-slip/no-flight constraint result
0.25,3.73,O,O,O,O,O,event,6.071102813953,0,0.848373350,0.310049362,ideal no-slip/no-flight constraint result
0.25,3.74,O,O,O,O,O,event,6.098509065424,0,0.847553900,0.310410352,ideal no-slip/no-flight constraint result
0.25,3.75,O,O,O,O,O,event,6.125852916369,0,0.846736315,0.310771315,ideal no-slip/no-flight constraint result
0.25,3.76,O,O,O,O,O,event,6.153134914339,0,0.845920579,0.311132070,ideal no-slip/no-flight constraint result
0.25,3.77,O,O,O,O,O,event,6.180355598911,0,0.845106677,0.311492905,ideal no-slip/no-flight constraint result
0.25,3.78,O,O,O,O,O,event,6.207515501848,0,0.844294593,0.311853727,ideal no-slip/no-flight constraint result
0.25,3.79,O,O,O,O,O,event,6.234615147258,0,0.843484310,0.312214541,ideal no-slip/no-flight constraint result
0.25,3.80,O,O,O,O,O,event,6.261655051746,0,0.842675813,0.312575820,ideal no-slip/no-flight constraint result
0.25,3.81,O,O,O,O,O,event,6.288635724560,0,0.841869087,0.312936705,ideal no-slip/no-flight constraint result
0.25,3.82,O,O,O,O,O,event,6.315557667739,0,0.841064117,0.313297583,ideal no-slip/no-flight constraint result
0.25,3.83,O,O,O,O,O,event,6.342421376254,0,0.840260889,0.313658457,ideal no-slip/no-flight constraint result
0.25,3.84,O,O,O,O,O,event,6.369227338143,0,0.839459387,0.314018823,ideal no-slip/no-flight constraint result
0.25,3.85,O,O,O,O,O,event,6.395976034649,0,0.838659598,0.314379649,ideal no-slip/no-flight constraint result
0.25,3.86,O,O,O,O,O,event,6.422667940348,0,0.837861506,0.314740507,ideal no-slip/no-flight constraint result
0.25,3.87,O,O,O,O,O,event,6.449303523278,0,0.837065099,0.315101432,ideal no-slip/no-flight constraint result
0.25,3.88,O,O,O,O,O,event,6.475883245064,0,0.836270361,0.315462873,ideal no-slip/no-flight constraint result
0.25,3.89,O,O,O,O,O,event,6.502407561040,0,0.835477281,0.315823781,ideal no-slip/no-flight constraint result
0.25,3.90,O,O,O,O,O,event,6.528876920363,0,0.834685843,0.316184701,ideal no-slip/no-flight constraint result
0.25,3.91,O,O,O,O,O,event,6.555291766138,0,0.833896036,0.316545094,ideal no-slip/no-flight constraint result
0.25,3.92,O,O,O,O,O,event,6.581652535520,0,0.833107845,0.316906029,ideal no-slip/no-flight constraint result
0.25,3.93,O,O,O,O,O,event,6.607959659833,0,0.832321259,0.317266987,ideal no-slip/no-flight constraint result
0.25,3.94,O,O,O,O,O,event,6.634213564674,0,0.831536264,0.317627970,ideal no-slip/no-flight constraint result
0.25,3.95,O,O,O,O,O,event,6.660414670018,0,0.830752847,0.317989545,ideal no-slip/no-flight constraint result
0.25,3.96,O,O,O,O,O,event,6.686563390321,0,0.829970997,0.318350577,ideal no-slip/no-flight constraint result
0.25,3.97,O,O,O,O,O,event,6.712660134623,0,0.829190701,0.318711634,ideal no-slip/no-flight constraint result
0.25,3.98,O,O,O,O,O,event,6.738705306641,0,0.828411947,0.319072348,ideal no-slip/no-flight constraint result
0.25,3.99,O,O,O,O,O,event,6.764699304868,0,0.827634723,0.319433477,ideal no-slip/no-flight constraint result
0.25,4.00,O,O,O,O,O,event,6.790642522665,0,0.826859017,0.319794641,ideal no-slip/no-flight constraint result
0.25,4.01,O,O,O,O,O,event,6.816535348356,0,0.826084818,0.320156096,ideal no-slip/no-flight constraint result
0.25,4.02,O,O,O,O,O,event,6.842378165311,0,0.825312114,0.320517296,ideal no-slip/no-flight constraint result
0.25,4.03,O,O,O,O,O,event,6.868171352038,0,0.824540895,0.320878529,ideal no-slip/no-flight constraint result
0.25,4.04,O,O,O,O,O,event,6.893915282269,0,0.823771148,0.321239761,ideal no-slip/no-flight constraint result
0.25,4.05,O,O,O,O,O,event,6.919610325038,0,0.823002863,0.321601112,ideal no-slip/no-flight constraint result
0.25,4.06,O,O,O,O,O,event,6.945256844768,0,0.822236028,0.321962506,ideal no-slip/no-flight constraint result
0.25,4.07,O,O,O,O,O,event,6.970855201350,0,0.821470634,0.322323739,ideal no-slip/no-flight constraint result
0.25,4.08,O,O,O,O,O,event,6.996405750216,0,0.820706669,0.322685155,ideal no-slip/no-flight constraint result
0.25,4.09,O,O,O,O,O,event,7.021908842422,0,0.819944123,0.323046982,ideal no-slip/no-flight constraint result
0.25,4.10,O,O,O,O,O,event,7.047364824720,0,0.819182986,0.323408551,ideal no-slip/no-flight constraint result
0.25,4.11,O,O,O,O,O,event,7.072774039628,0,0.818423247,0.323770167,ideal no-slip/no-flight constraint result
0.25,4.12,O,O,O,O,O,event,7.098136825505,0,0.817664896,0.324131317,ideal no-slip/no-flight constraint result
0.25,4.13,O,O,O,O,O,event,7.123453516621,0,0.816907924,0.324493112,ideal no-slip/no-flight constraint result
0.25,4.14,O,O,O,O,O,event,7.148724443222,0,0.816152320,0.324854965,ideal no-slip/no-flight constraint result
0.25,4.15,O,O,O,O,O,event,7.173949931603,0,0.815398074,0.325217108,ideal no-slip/no-flight constraint result
0.25,4.16,O,O,O,O,O,event,7.199130304165,0,0.814645178,0.325578975,ideal no-slip/no-flight constraint result
0.25,4.17,O,O,O,O,O,event,7.224265879486,0,0.813893621,0.325940920,ideal no-slip/no-flight constraint result
0.25,4.18,O,O,O,O,O,event,7.249356972382,0,0.813143394,0.326302998,ideal no-slip/no-flight constraint result
0.25,4.19,O,O,O,O,O,event,7.274403893968,0,0.812394488,0.326665137,ideal no-slip/no-flight constraint result
0.25,4.20,O,O,O,O,O,event,7.299406951716,0,0.811646893,0.327026929,ideal no-slip/no-flight constraint result
0.25,4.21,O,O,O,O,O,event,7.324366449519,0,0.810900601,0.327389070,ideal no-slip/no-flight constraint result
0.25,4.22,O,O,O,O,O,event,7.349282687743,0,0.810155602,0.327751929,ideal no-slip/no-flight constraint result
0.25,4.23,O,O,O,O,O,event,7.374155963288,0,0.809411887,0.328114314,ideal no-slip/no-flight constraint result
0.25,4.24,O,O,O,O,O,event,7.398986569642,0,0.808669449,0.328476499,ideal no-slip/no-flight constraint result
0.25,4.25,O,O,O,O,O,event,7.423774796934,0,0.807928278,0.328839145,ideal no-slip/no-flight constraint result
0.25,4.26,O,O,O,O,O,event,7.448520931988,0,0.807188365,0.329201863,ideal no-slip/no-flight constraint result
0.25,4.27,O,O,O,O,O,event,7.473225258375,0,0.806449702,0.329564487,ideal no-slip/no-flight constraint result
0.25,4.28,O,O,O,O,O,event,7.497888056465,0,0.805712281,0.329927203,ideal no-slip/no-flight constraint result
0.25,4.29,O,O,O,O,O,event,7.522509603476,0,0.804976094,0.330290462,ideal no-slip/no-flight constraint result
0.25,4.30,O,O,O,O,O,event,7.547090173523,0,0.804241131,0.330653470,ideal no-slip/no-flight constraint result
0.25,4.31,O,O,O,O,O,event,7.571630037666,0,0.803507386,0.331016120,ideal no-slip/no-flight constraint result
0.25,4.32,O,O,O,O,O,event,7.596129463958,0,0.802774850,0.331379435,ideal no-slip/no-flight constraint result
0.25,4.33,O,O,O,O,O,event,7.620588717489,0,0.802043515,0.331742834,ideal no-slip/no-flight constraint result
0.25,4.34,O,O,O,O,O,event,7.645008060435,0,0.801313374,0.332106258,ideal no-slip/no-flight constraint result
0.25,4.35,O,O,O,O,O,event,7.669387752098,0,0.800584418,0.332469652,ideal no-slip/no-flight constraint result
0.25,4.36,O,O,O,O,O,event,7.693728048953,0,0.799856639,0.332833533,ideal no-slip/no-flight constraint result
0.25,4.37,O,O,O,O,O,event,7.718029204688,0,0.799130032,0.333197265,ideal no-slip/no-flight constraint result
0.25,4.38,O,O,O,O,O,event,7.742291470250,0,0.798404587,0.333560598,ideal no-slip/no-flight constraint result
0.25,4.39,O,O,O,O,O,event,7.766515093881,0,0.797680297,0.333924685,ideal no-slip/no-flight constraint result
0.25,4.40,O,O,O,O,O,event,7.790700321160,0,0.796957156,0.334288986,ideal no-slip/no-flight constraint result
0.25,4.41,O,O,O,O,O,event,7.814847395046,0,0.796235155,0.334653071,ideal no-slip/no-flight constraint result
0.25,4.42,O,O,O,O,O,event,7.838956555910,0,0.795514288,0.335017501,ideal no-slip/no-flight constraint result
0.25,4.43,O,O,O,O,O,event,7.863028041580,0,0.794794547,0.335381964,ideal no-slip/no-flight constraint result
0.25,4.44,O,O,O,O,O,event,7.887062087374,0,0.794075926,0.335746523,ideal no-slip/no-flight constraint result
0.25,4.45,O,O,O,O,O,event,7.911058926138,0,0.793358417,0.336110753,ideal no-slip/no-flight constraint result
0.25,4.46,O,O,O,O,O,event,7.935018788282,0,0.792642014,0.336475714,ideal no-slip/no-flight constraint result
0.25,4.47,O,O,O,O,O,event,7.958941901815,0,0.791926710,0.336840804,ideal no-slip/no-flight constraint result
0.25,4.48,O,O,O,O,O,event,7.982828492379,0,0.791212498,0.337205763,ideal no-slip/no-flight constraint result
0.25,4.49,O,O,O,O,O,event,8.006678783285,0,0.790499371,0.337571207,ideal no-slip/no-flight constraint result
0.25,4.50,O,O,O,O,O,event,8.030492995544,0,0.789787323,0.337936592,ideal no-slip/no-flight constraint result
0.25,4.51,O,O,O,O,O,event,8.054271347901,0,0.789076347,0.338301596,ideal no-slip/no-flight constraint result
0.25,4.52,O,O,O,O,O,event,8.078014056869,0,0.788366437,0.338667422,ideal no-slip/no-flight constraint result
0.25,4.53,O,O,O,O,O,event,8.101721336754,0,0.787657586,0.339033424,ideal no-slip/no-flight constraint result
0.25,4.54,O,O,O,O,O,event,8.125393399696,0,0.786949788,0.339399256,ideal no-slip/no-flight constraint result
0.25,4.55,O,O,O,O,O,event,8.149030455691,0,0.786243037,0.339765570,ideal no-slip/no-flight constraint result
0.25,4.56,O,O,O,O,O,event,8.172632712625,0,0.785537326,0.340131868,ideal no-slip/no-flight constraint result
0.25,4.57,O,O,O,O,O,event,8.196200376301,0,0.784832650,0.340497789,ideal no-slip/no-flight constraint result
0.25,4.58,O,O,O,O,O,event,8.219733650472,0,0.784129002,0.340864570,ideal no-slip/no-flight constraint result
0.25,4.59,O,O,O,O,O,event,8.243232736864,0,0.783426376,0.341231523,ideal no-slip/no-flight constraint result
0.25,4.60,O,O,O,O,O,event,8.266697835208,0,0.782724767,0.341598321,ideal no-slip/no-flight constraint result
0.25,4.61,O,O,O,O,O,event,8.290129143265,0,0.782024167,0.341965648,ideal no-slip/no-flight constraint result
0.25,4.62,O,O,O,O,O,event,8.313526856855,0,0.781324573,0.342332954,ideal no-slip/no-flight constraint result
0.25,4.63,O,O,O,O,O,event,8.336891169880,0,0.780625976,0.342699934,ideal no-slip/no-flight constraint result
0.25,4.64,O,O,O,O,O,event,8.360222274356,0,0.779928373,0.343067764,ideal no-slip/no-flight constraint result
0.25,4.65,O,O,O,O,O,event,8.383520360430,0,0.779231757,0.343435725,ideal no-slip/no-flight constraint result
0.25,4.66,O,O,O,O,O,event,8.406785616413,0,0.778536123,0.343803588,ideal no-slip/no-flight constraint result
0.25,4.67,O,O,O,O,O,event,8.430018228801,0,0.777841465,0.344172069,ideal no-slip/no-flight constraint result
0.25,4.68,O,O,O,O,O,event,8.453218382298,0,0.777147777,0.344539872,ideal no-slip/no-flight constraint result
0.25,4.69,O,O,O,O,O,event,8.476386259844,0,0.776455055,0.344908664,ideal no-slip/no-flight constraint result
0.25,4.70,O,O,O,O,O,event,8.499522042633,0,0.775763292,0.345277804,ideal no-slip/no-flight constraint result
0.25,4.71,O,O,O,O,O,event,8.522625910141,0,0.775072483,0.345646687,ideal no-slip/no-flight constraint result
0.25,4.72,O,O,O,O,O,event,8.545698040146,0,0.774382623,0.346016028,ideal no-slip/no-flight constraint result
0.25,4.73,O,O,O,O,O,event,8.568738608751,0,0.773693707,0.346385501,ideal no-slip/no-flight constraint result
0.25,4.74,O,O,O,O,O,event,8.591747790405,0,0.773005730,0.346754577,ideal no-slip/no-flight constraint result
0.25,4.75,O,O,O,O,O,event,8.614725757926,0,0.772318685,0.347124655,ideal no-slip/no-flight constraint result
0.25,4.76,O,O,O,O,O,event,8.637672682521,0,0.771632569,0.347494957,ideal no-slip/no-flight constraint result
0.25,4.77,O,O,O,O,O,event,8.660588733807,0,0.770947376,0.347865111,ideal no-slip/no-flight constraint result
0.25,4.78,O,O,O,O,O,event,8.683474079833,0,0.770263101,0.348235863,ideal no-slip/no-flight constraint result
0.25,4.79,O,O,O,O,O,event,8.706328887095,0,0.769579739,0.348606653,ideal no-slip/no-flight constraint result
0.25,4.80,O,O,O,O,O,event,8.729153320565,0,0.768897286,0.348977186,ideal no-slip/no-flight constraint result
0.25,4.81,O,O,O,O,O,event,8.751947543701,0,0.768215736,0.349348833,ideal no-slip/no-flight constraint result
0.25,4.82,O,O,O,O,O,event,8.774711718472,0,0.767535084,0.349720200,ideal no-slip/no-flight constraint result
0.25,4.83,O,O,O,O,O,event,8.797446005374,0,0.766855326,0.350092013,ideal no-slip/no-flight constraint result
0.25,4.84,O,O,O,O,O,event,8.820150563452,0,0.766176456,0.350464058,ideal no-slip/no-flight constraint result
0.25,4.85,O,O,O,O,O,event,8.842825550312,0,0.765498471,0.350835687,ideal no-slip/no-flight constraint result
0.25,4.86,O,O,O,O,O,event,8.865471122147,0,0.764821365,0.351208427,ideal no-slip/no-flight constraint result
0.25,4.87,O,O,O,O,O,event,8.888087433748,0,0.764145135,0.351581456,ideal no-slip/no-flight constraint result
0.25,4.88,O,O,O,O,O,event,8.910674638526,0,0.763469774,0.351954420,ideal no-slip/no-flight constraint result
0.25,4.89,O,O,O,O,O,event,8.933232888524,0,0.762795280,0.352327819,ideal no-slip/no-flight constraint result
0.25,4.90,O,O,O,O,O,event,8.955762334439,0,0.762121646,0.352700947,ideal no-slip/no-flight constraint result
0.25,4.91,O,O,O,O,O,event,8.978263125638,0,0.761448870,0.353074774,ideal no-slip/no-flight constraint result
0.25,4.92,O,O,O,O,O,event,9.000735410169,0,0.760776945,0.353449375,ideal no-slip/no-flight constraint result
0.25,4.93,O,O,O,O,O,event,9.023179334785,0,0.760105869,0.353823692,ideal no-slip/no-flight constraint result
0.25,4.94,O,O,O,O,O,event,9.045595044953,0,0.759435636,0.354198442,ideal no-slip/no-flight constraint result
0.25,4.95,O,O,O,O,O,event,9.067982684873,0,0.758766243,0.354573225,ideal no-slip/no-flight constraint result
0.25,4.96,O,O,O,O,O,event,9.090342397494,0,0.758097684,0.354948292,ideal no-slip/no-flight constraint result
0.25,4.97,O,O,O,O,O,event,9.112674324525,0,0.757429957,0.355324482,ideal no-slip/no-flight constraint result
0.25,4.98,O,O,O,O,O,event,9.134978606456,0,0.756763056,0.355700354,ideal no-slip/no-flight constraint result
0.25,4.99,O,O,O,O,O,event,9.157255382567,0,0.756096977,0.356076462,ideal no-slip/no-flight constraint result
0.25,5.00,O,O,O,O,O,event,9.179504790945,0,0.755431717,0.356453160,ideal no-slip/no-flight constraint result
0.25,5.01,O,O,O,O,O,event,9.201726968498,0,0.754767271,0.356829732,ideal no-slip/no-flight constraint result
0.25,5.02,O,O,O,O,O,event,9.223922050970,0,0.754103635,0.357207338,ideal no-slip/no-flight constraint result
0.25,5.03,O,O,O,O,O,event,9.246090172953,0,0.753440805,0.357584890,ideal no-slip/no-flight constraint result
0.25,5.04,O,O,O,O,O,event,9.268231467900,0,0.752778777,0.357962451,ideal no-slip/no-flight constraint result
0.25,5.05,O,O,O,O,O,event,9.290346068142,0,0.752117548,0.358340881,ideal no-slip/no-flight constraint result
0.25,5.06,O,O,O,O,O,event,9.312434104896,0,0.751457113,0.358719425,ideal no-slip/no-flight constraint result
0.25,5.07,O,O,O,O,O,event,9.334495708283,0,0.750797468,0.359098540,ideal no-slip/no-flight constraint result
0.25,5.08,O,O,O,O,O,event,9.356531007338,0,0.750138609,0.359477910,ideal no-slip/no-flight constraint result
0.25,5.09,O,O,O,O,O,event,9.378540130022,0,0.749480534,0.359857017,ideal no-slip/no-flight constraint result
0.25,5.10,O,O,O,O,O,event,9.400523203236,0,0.748823237,0.360237319,ideal no-slip/no-flight constraint result
0.25,5.11,O,O,O,O,O,event,9.422480352833,0,0.748166715,0.360618006,ideal no-slip/no-flight constraint result
0.25,5.12,O,O,O,O,O,event,9.444411703631,0,0.747510965,0.360998729,ideal no-slip/no-flight constraint result
0.25,5.13,O,O,O,O,O,event,9.466317379421,0,0.746855982,0.361380062,ideal no-slip/no-flight constraint result
0.25,5.14,O,O,O,O,O,event,9.488197502982,0,0.746201764,0.361761354,ideal no-slip/no-flight constraint result
0.25,5.15,O,O,O,O,O,event,9.510052196094,0,0.745548305,0.362143139,ideal no-slip/no-flight constraint result
0.25,5.16,O,O,O,O,O,event,9.531881579544,0,0.744895604,0.362526157,ideal no-slip/no-flight constraint result
0.25,5.17,O,O,O,O,O,event,9.553685773143,0,0.744243656,0.362908585,ideal no-slip/no-flight constraint result
0.25,5.18,O,O,O,O,O,event,9.575464895733,0,0.743592457,0.363292043,ideal no-slip/no-flight constraint result
0.25,5.19,O,O,O,O,O,event,9.597219065199,0,0.742942004,0.363675805,ideal no-slip/no-flight constraint result
0.25,5.20,O,O,O,O,O,event,9.618948398481,0,0.742292295,0.364059950,ideal no-slip/no-flight constraint result
0.25,5.21,O,O,O,O,O,event,9.640653011583,0,0.741643324,0.364444608,ideal no-slip/no-flight constraint result
0.25,5.22,O,O,O,O,O,event,9.662333019583,0,0.740995089,0.364829217,ideal no-slip/no-flight constraint result
0.25,5.23,O,O,O,O,O,event,9.683988536646,0,0.740347586,0.365214599,ideal no-slip/no-flight constraint result
0.25,5.24,O,O,O,O,O,event,9.705619676031,0,0.739700812,0.365601051,ideal no-slip/no-flight constraint result
0.25,5.25,O,O,O,O,O,event,9.727226550103,0,0.739054763,0.365987067,ideal no-slip/no-flight constraint result
0.25,5.26,O,O,O,O,O,event,9.748809270341,0,0.738409437,0.366374141,ideal no-slip/no-flight constraint result
0.25,5.27,O,O,O,O,O,event,9.770367947351,0,0.737764830,0.366761602,ideal no-slip/no-flight constraint result
0.25,5.28,O,O,O,O,O,event,9.791902690871,0,0.737120938,0.367149443,ideal no-slip/no-flight constraint result
0.25,5.29,O,O,O,O,O,event,9.813413609783,0,0.736477759,0.367537913,ideal no-slip/no-flight constraint result
0.25,5.30,O,O,O,O,O,event,9.834900812125,0,0.735835289,0.367926502,ideal no-slip/no-flight constraint result
0.25,5.31,O,O,O,O,O,event,9.856364405094,0,0.735193524,0.368315681,ideal no-slip/no-flight constraint result
0.25,5.32,O,O,O,O,O,event,9.877804495060,0,0.734552463,0.368706165,ideal no-slip/no-flight constraint result
0.25,5.33,O,O,O,O,O,event,9.899221187572,0,0.733912101,0.369096052,ideal no-slip/no-flight constraint result
0.25,5.34,O,O,O,O,O,event,9.920614587370,0,0.733272435,0.369487273,ideal no-slip/no-flight constraint result
0.25,5.35,O,O,O,O,O,event,9.941984798389,0,0.732633463,0.369879158,ideal no-slip/no-flight constraint result
0.25,5.36,O,O,O,O,O,event,9.963331923773,0,0.731995181,0.370270984,ideal no-slip/no-flight constraint result
0.25,5.37,O,O,O,O,O,event,9.984656065879,0,0.731357587,0.370663832,ideal no-slip/no-flight constraint result
0.25,5.38,O,O,O,O,O,event,10.005957326287,0,0.730720676,0.371057169,ideal no-slip/no-flight constraint result
0.25,5.39,O,O,O,O,O,event,10.027235805810,0,0.730084447,0.371450981,ideal no-slip/no-flight constraint result
0.25,5.40,O,O,O,O,O,event,10.048491604498,0,0.729448895,0.371845556,ideal no-slip/no-flight constraint result
0.25,5.41,O,O,O,O,O,event,10.069724821651,0,0.728814019,0.372240489,ideal no-slip/no-flight constraint result
0.25,5.42,O,O,O,O,O,event,10.090935555821,0,0.728179816,0.372636042,ideal no-slip/no-flight constraint result
0.25,5.43,O,O,O,O,O,event,10.112123904826,0,0.727546281,0.373032744,ideal no-slip/no-flight constraint result
0.25,5.44,O,O,O,O,O,event,10.133289965753,0,0.726913413,0.373429427,ideal no-slip/no-flight constraint result
0.25,5.45,O,O,O,O,O,event,10.154433834968,0,0.726281209,0.373826901,ideal no-slip/no-flight constraint result
0.25,5.46,O,O,O,O,O,event,10.175555608123,0,0.725649665,0.374225711,ideal no-slip/no-flight constraint result
0.25,5.47,O,O,O,O,O,event,10.196655380161,0,0.725018779,0.374624306,ideal no-slip/no-flight constraint result
0.25,5.48,O,O,O,O,O,event,10.217733245329,0,0.724388548,0.375023832,ideal no-slip/no-flight constraint result
0.25,5.49,O,O,O,O,O,event,10.238789297179,0,0.723758969,0.375424790,ideal no-slip/no-flight constraint result
0.25,5.50,O,O,O,O,O,event,10.259823628578,0,0.723130040,0.375825467,ideal no-slip/no-flight constraint result
0.25,5.51,O,O,O,O,O,event,10.280836331716,0,0.722501757,0.376227208,ideal no-slip/no-flight constraint result
0.25,5.52,O,O,O,O,O,event,10.301827498110,0,0.721874118,0.376630332,ideal no-slip/no-flight constraint result
0.25,5.53,O,O,O,O,O,event,10.322797218614,0,0.721247121,0.377033270,ideal no-slip/no-flight constraint result
0.25,5.54,O,O,O,O,O,event,10.343745583422,0,0.720620762,0.377437250,ideal no-slip/no-flight constraint result
0.25,5.55,O,O,O,O,O,event,10.364672682078,0,0.719995039,0.377842706,ideal no-slip/no-flight constraint result
0.25,5.56,O,O,O,O,O,event,10.385578603484,0,0.719369949,0.378248093,ideal no-slip/no-flight constraint result
0.25,5.57,O,O,O,O,O,event,10.406463435898,0,0.718745490,0.378654515,ideal no-slip/no-flight constraint result
0.25,5.58,O,O,O,O,O,event,10.427327266952,0,0.718121659,0.379062299,ideal no-slip/no-flight constraint result
0.25,5.59,O,O,O,O,O,event,10.448170183649,0,0.717498453,0.379470336,ideal no-slip/no-flight constraint result
0.25,5.60,O,O,O,O,O,event,10.468992272373,0,0.716875869,0.379879351,ideal no-slip/no-flight constraint result
0.25,5.61,O,O,O,O,O,event,10.489793618898,0,0.716253906,0.380289521,ideal no-slip/no-flight constraint result
0.25,5.62,O,O,O,O,O,event,10.510574308386,0,0.715632561,0.380700416,ideal no-slip/no-flight constraint result
0.25,5.63,O,O,O,O,O,event,10.531334425403,0,0.715011831,0.381112185,ideal no-slip/no-flight constraint result
0.25,5.64,O,O,O,O,O,event,10.552074053916,0,0.714391713,0.381524803,ideal no-slip/no-flight constraint result
0.25,5.65,O,O,O,O,O,event,10.572793277305,0,0.713772206,0.381938776,ideal no-slip/no-flight constraint result
0.25,5.66,O,O,O,O,O,event,10.593492178365,0,0.713153306,0.382353468,ideal no-slip/no-flight constraint result
0.25,5.67,O,O,O,O,O,event,10.614170839315,0,0.712535011,0.382768720,ideal no-slip/no-flight constraint result
0.25,5.68,O,O,O,O,O,event,10.634829341801,0,0.711917319,0.383185880,ideal no-slip/no-flight constraint result
0.25,5.69,O,O,O,O,O,event,10.655467766902,0,0.711300227,0.383603676,ideal no-slip/no-flight constraint result
0.25,5.70,O,O,O,O,O,event,10.676086195135,0,0.710683734,0.384022449,ideal no-slip/no-flight constraint result
0.25,5.71,O,O,O,O,O,event,10.696684706464,0,0.710067835,0.384442217,ideal no-slip/no-flight constraint result
0.25,5.72,O,O,O,O,O,event,10.717263380301,0,0.709452530,0.384863307,ideal no-slip/no-flight constraint result
0.25,5.73,O,O,O,O,O,event,10.737822295513,0,0.708837816,0.385285857,ideal no-slip/no-flight constraint result
0.25,5.74,O,O,O,O,O,event,10.758361530426,0,0.708223690,0.385709089,ideal no-slip/no-flight constraint result
0.25,5.75,O,O,O,O,O,event,10.778881162834,0,0.707610150,0.386133737,ideal no-slip/no-flight constraint result
0.25,5.76,O,O,O,O,O,event,10.799381270001,0,0.706997194,0.386559482,ideal no-slip/no-flight constraint result
0.25,5.77,O,O,O,O,O,event,10.819861928663,0,0.706384820,0.386986901,ideal no-slip/no-flight constraint result
0.25,5.78,O,O,O,O,O,event,10.840323215041,0,0.705773025,0.387415328,ideal no-slip/no-flight constraint result
0.25,5.79,O,O,O,O,O,event,10.860765204839,0,0.705161807,0.387845035,ideal no-slip/no-flight constraint result
0.25,5.80,O,O,O,O,O,event,10.881187973252,0,0.704551163,0.388275786,ideal no-slip/no-flight constraint result
0.25,5.81,O,O,O,O,O,event,10.901591594969,0,0.703941092,0.388708732,ideal no-slip/no-flight constraint result
0.25,5.82,O,O,O,O,O,event,10.921976144179,0,0.703331591,0.389142671,ideal no-slip/no-flight constraint result
0.25,5.83,O,O,O,O,O,event,10.942341694577,0,0.702722659,0.389578310,ideal no-slip/no-flight constraint result
0.25,5.84,O,O,O,O,O,event,10.962688319365,0,0.702114292,0.390015225,ideal no-slip/no-flight constraint result
0.25,5.85,O,O,O,O,O,event,10.983016091261,0,0.701506489,0.390453887,ideal no-slip/no-flight constraint result
0.25,5.86,O,O,O,O,O,event,11.003325082498,0,0.700899247,0.390893887,ideal no-slip/no-flight constraint result
0.25,5.87,O,O,O,O,O,event,11.023615364834,0,0.700292565,0.391335722,ideal no-slip/no-flight constraint result
0.25,5.88,O,O,O,O,O,event,11.043887009555,0,0.699686440,0.391779258,ideal no-slip/no-flight constraint result
0.25,5.89,O,O,O,O,O,event,11.064140087474,0,0.699080870,0.392224816,ideal no-slip/no-flight constraint result
0.25,5.90,O,O,O,O,O,event,11.084374668945,0,0.698475854,0.392672207,ideal no-slip/no-flight constraint result
0.25,5.91,O,O,O,O,O,event,11.104590823858,0,0.697871388,0.393121186,ideal no-slip/no-flight constraint result
0.25,5.92,O,O,O,O,O,event,11.124788621649,0,0.697267471,0.393572412,ideal no-slip/no-flight constraint result
0.25,5.93,O,O,O,O,O,event,11.144968131303,0,0.696664101,0.394025594,ideal no-slip/no-flight constraint result
0.25,5.94,O,O,O,O,O,event,11.165129421355,0,0.696061276,0.394480833,ideal no-slip/no-flight constraint result
0.25,5.95,O,O,O,O,O,event,11.185272559899,0,0.695458993,0.394938192,ideal no-slip/no-flight constraint result
0.25,5.96,O,O,O,O,O,event,11.205397614588,0,0.694857252,0.395397919,ideal no-slip/no-flight constraint result
0.25,5.97,O,O,O,O,O,event,11.225504652640,0,0.694256048,0.395859988,ideal no-slip/no-flight constraint result
0.25,5.98,O,O,O,O,O,event,11.245593740842,0,0.693655382,0.396324290,ideal no-slip/no-flight constraint result
0.25,5.99,O,O,O,O,O,event,11.265664945551,0,0.693055250,0.396791366,ideal no-slip/no-flight constraint result
0.25,6.00,O,O,O,O,O,event,11.285718332703,0,0.692455651,0.397261088,ideal no-slip/no-flight constraint result
0.5,1.00,S,S,S,S,S,rest,0.000000000000,0,1.000000000,0.202710036,within contact bounds
0.5,1.01,S,S,S,S,S,rest,0.000000000000,726,0.943141430,0.203215771,within contact bounds
0.5,1.02,S,S,S,S,S,energy outward,0.000002953026,405,0.945442004,0.203719920,within contact bounds
0.5,1.03,S,S,S,S,S,energy outward,0.000061818061,377,0.941250181,0.204222609,within contact bounds
0.5,1.04,S,S,S,S,S,energy after landing,0.000253129582,25,0.944145100,0.204723659,within contact bounds
0.5,1.05,S,S,S,S,S,energy after landing,0.001803025881,15,0.940730699,0.205223043,within contact bounds
0.5,1.06,S,S,S,S,S,energy after landing,0.004937183911,10,0.944051350,0.205720789,within contact bounds
0.5,1.07,S,S,S,S,S,energy outward,0.010883293395,8,0.944700061,0.206217180,within contact bounds
0.5,1.08,S,S,S,S,S,energy outward,0.010154913798,6,0.950852567,0.206712191,within contact bounds
0.5,1.09,S,S,S,S,S,energy after landing,0.028449298577,5,0.943307928,0.207205652,within contact bounds
0.5,1.10,S,S,S,S,S,energy outward,0.007329858583,4,0.957614124,0.207697666,within contact bounds
0.5,1.11,S,S,S,S,S,energy after landing,0.044328962661,3,0.953225445,0.208188489,within contact bounds
0.5,1.12,S,S,S,S,S,energy after landing,0.067780492907,3,0.948706144,0.208677994,within contact bounds
0.5,1.13,S,S,S,S,S,energy after landing,0.074402809501,3,0.943973058,0.209165913,within contact bounds
0.5,1.14,S,S,S,S,S,energy after landing,0.053040449049,3,0.938887300,0.209653040,within contact bounds
0.5,1.15,S,S,S,S,S,energy outward,0.009458811778,2,0.967522708,0.210138602,within contact bounds
0.5,1.16,S,S,S,S,S,energy after landing,0.055939249812,1,0.966984640,0.210623010,within contact bounds
0.5,1.17,S,S,S,S,S,energy after landing,0.099858601618,1,0.965193808,0.211106356,within contact bounds
0.5,1.18,S,S,S,S,S,energy after landing,0.142516316372,1,0.963429867,0.211588365,within contact bounds
0.5,1.19,S,S,S,S,S,energy outward,0.183991826018,1,0.961692134,0.212069419,within contact bounds
0.5,1.20,S,S,S,S,S,energy outward,0.224354578219,1,0.959979957,0.212549148,within contact bounds
0.5,1.21,S,S,S,S,S,energy outward,0.263665770184,1,0.958292717,0.213028003,within contact bounds
0.5,1.22,S,S,S,S,S,energy outward,0.301979713404,1,0.956629823,0.213505910,within contact bounds
0.5,1.23,S,S,S,S,S,energy outward,0.339344920874,1,0.954990715,0.213982344,within contact bounds
0.5,1.24,S,S,S,S,S,energy outward,0.375804982696,1,0.953374860,0.214458224,within contact bounds
0.5,1.25,S,S,S,S,S,energy outward,0.411399278241,1,0.951781751,0.214932790,within contact bounds
0.5,1.26,S,S,S,S,S,energy outward,0.446163560620,1,0.950210910,0.215406474,within contact bounds
0.5,1.27,S,S,S,S,S,energy outward,0.480130440334,1,0.948661882,0.215879231,within contact bounds
0.5,1.28,S,S,S,S,S,energy outward,0.513329788531,1,0.947134238,0.216350994,within contact bounds
0.5,1.29,S,S,S,S,S,energy outward,0.545789075615,1,0.945627570,0.216821556,within contact bounds
0.5,1.30,S,S,S,S,S,energy outward,0.577533657401,1,0.944141497,0.217291676,within contact bounds
0.5,1.31,S,S,S,S,S,energy outward,0.608587018419,1,0.942675655,0.217760746,within contact bounds
0.5,1.32,S,S,S,S,S,energy outward,0.638970979943,1,0.941229705,0.218228683,within contact bounds
0.5,1.33,S,S,S,S,S,energy outward,0.668705878798,1,0.939803327,0.218695971,within contact bounds
0.5,1.34,S,S,S,S,S,energy outward,0.697810721804,1,0.938396222,0.219162421,within contact bounds
0.5,1.35,S,S,S,S,S,energy outward,0.726303319799,1,0.937008110,0.219628020,within contact bounds
0.5,1.36,S,S,S,S,S,energy outward,0.754200404449,1,0.935638728,0.220092813,within contact bounds
0.5,1.37,S,S,S,S,S,energy outward,0.781517730464,1,0.934287833,0.220556721,within contact bounds
0.5,1.38,S,S,S,S,S,energy outward,0.808270165409,1,0.932955200,0.221019823,within contact bounds
0.5,1.39,S,S,S,S,S,energy outward,0.834471768891,1,0.931640619,0.221482135,within contact bounds
0.5,1.40,S,S,S,S,S,energy outward,0.860135862627,1,0.930343897,0.221943669,within contact bounds
0.5,1.41,S,S,S,S,S,energy outward,0.885275092658,1,0.929064858,0.222404546,within contact bounds
0.5,1.42,S,S,S,S,S,energy outward,0.909901484750,1,0.927803341,0.222864585,within contact bounds
0.5,1.43,S,S,S,S,S,energy outward,0.934026493891,1,0.926559199,0.223323883,within contact bounds
0.5,1.44,S,S,S,S,S,energy outward,0.957661048629,1,0.925332301,0.223782466,within contact bounds
0.5,1.45,S,S,S,S,S,energy outward,0.980815590910,1,0.924122529,0.224240330,within contact bounds
0.5,1.46,O,O,O,O,O,energy outward,1.003500111965,1,0.922929780,0.224697375,within contact bounds
0.5,1.47,O,O,O,O,O,energy outward,1.025724184707,1,0.921753962,0.225153588,within contact bounds
0.5,1.48,O,O,O,O,O,energy outward,1.047496993075,1,0.920594999,0.225609366,within contact bounds
0.5,1.49,O,O,O,O,O,energy outward,1.068827358653,1,0.919452824,0.226064630,within contact bounds
0.5,1.50,O,O,O,O,O,energy outward,1.089723764880,1,0.918327386,0.226519195,within contact bounds
0.5,1.51,O,O,O,O,O,energy outward,1.110194379127,1,0.917218642,0.226972956,within contact bounds
0.5,1.52,O,O,O,O,O,energy outward,1.130247072850,1,0.916126564,0.227425911,within contact bounds
0.5,1.53,O,O,O,O,O,energy outward,1.149889440057,1,0.915051134,0.227878218,within contact bounds
0.5,1.54,O,O,O,O,O,energy outward,1.169128814224,1,0.913992343,0.228330385,within contact bounds
0.5,1.55,O,O,O,O,O,energy outward,1.187972283867,1,0.912950194,0.228913010,within contact bounds
0.5,1.56,O,O,O,O,O,energy outward,1.206426706856,1,0.911924702,0.229762119,within contact bounds
0.5,1.57,O,O,O,O,O,energy outward,1.224498723641,1,0.910915890,0.230567965,within contact bounds
0.5,1.58,O,O,O,O,O,energy outward,1.242194769463,1,0.909923792,0.231330932,within contact bounds
0.5,1.59,O,O,O,O,O,energy outward,1.259521085665,1,0.908948449,0.232051389,within contact bounds
0.5,1.60,O,O,O,O,O,energy outward,1.276483730184,1,0.907989914,0.232729689,within contact bounds
0.5,1.61,O,O,O,O,O,energy outward,1.293088587298,1,0.907048249,0.233366170,within contact bounds
0.5,1.62,O,O,O,O,O,energy outward,1.309341376697,1,0.906123524,0.233961156,within contact bounds
0.5,1.63,O,O,O,O,O,energy outward,1.325247661943,1,0.905215816,0.234514957,within contact bounds
0.5,1.64,O,O,O,O,O,energy outward,1.340812858367,1,0.904325214,0.235027869,within contact bounds
0.5,1.65,O,O,O,O,O,energy outward,1.356042240457,1,0.903451813,0.235500174,within contact bounds
0.5,1.66,O,O,O,O,O,energy outward,1.370940948783,1,0.902595715,0.235932141,within contact bounds
0.5,1.67,O,O,O,O,O,energy outward,1.385513996490,1,0.901757033,0.236324026,within contact bounds
0.5,1.68,O,O,O,O,O,energy outward,1.399766275406,1,0.900935885,0.236676074,within contact bounds
0.5,1.69,O,O,O,O,O,energy outward,1.413702561791,1,0.900132397,0.236988515,within contact bounds
0.5,1.70,O,O,O,O,O,energy outward,1.427327521760,1,0.899346703,0.237261569,within contact bounds
0.5,1.71,O,O,O,O,O,energy outward,1.440645716402,1,0.898578945,0.237495444,within contact bounds
0.5,1.72,O,O,O,O,O,energy outward,1.453661606628,1,0.897829269,0.237690335,within contact bounds
0.5,1.73,O,O,O,O,O,energy outward,1.466379557758,1,0.897097830,0.237846429,within contact bounds
0.5,1.74,O,O,O,O,O,energy outward,1.478803843886,1,0.896384791,0.237963898,within contact bounds
0.5,1.75,O,O,O,O,O,energy outward,1.490938652019,1,0.895690319,0.238042908,within contact bounds
0.5,1.76,O,O,O,O,O,energy outward,1.502788086027,1,0.895014589,0.238125186,within contact bounds
0.5,1.77,O,O,O,O,O,energy outward,1.514356170406,1,0.894357781,0.238564591,within contact bounds
0.5,1.78,O,O,O,O,O,energy outward,1.525646853881,1,0.893720082,0.239003088,within contact bounds
0.5,1.79,O,O,O,O,O,energy outward,1.536664012848,1,0.893101687,0.239441603,within contact bounds
0.5,1.80,O,O,O,O,O,energy outward,1.547411454679,1,0.892502793,0.239879342,within contact bounds
0.5,1.81,O,O,O,O,O,energy outward,1.557892920899,1,0.891923607,0.240316586,within contact bounds
0.5,1.82,O,O,O,O,O,energy outward,1.568112090243,1,0.891364339,0.240753530,within contact bounds
0.5,1.83,O,O,O,O,O,energy outward,1.578072581599,1,0.890825205,0.241189890,within contact bounds
0.5,1.84,O,O,O,O,O,energy outward,1.587777956864,1,0.890306429,0.241626007,within contact bounds
0.5,1.85,O,O,O,O,O,energy outward,1.597231723696,1,0.889808236,0.242061088,within contact bounds
0.5,1.86,O,O,O,O,O,energy outward,1.606437338191,1,0.889330862,0.242496611,within contact bounds
0.5,1.87,O,O,O,O,O,energy outward,1.615398207485,1,0.888874543,0.242931040,within contact bounds
0.5,1.88,O,O,O,O,O,energy outward,1.624117692285,1,0.888439525,0.243365407,within contact bounds
0.5,1.89,O,O,O,O,O,energy outward,1.632599109346,1,0.888026055,0.243799046,within contact bounds
0.5,1.90,O,O,O,O,O,energy outward,1.640845733885,1,0.887634388,0.244232305,within contact bounds
0.5,1.91,O,O,O,O,O,energy outward,1.648860801958,1,0.887264784,0.244665529,within contact bounds
0.5,1.92,O,O,O,O,O,energy outward,1.656647512786,1,0.886917505,0.245097750,within contact bounds
0.5,1.93,O,O,O,O,O,energy outward,1.664209031051,1,0.886592821,0.245530154,within contact bounds
0.5,1.94,O,O,O,O,O,energy outward,1.671548489162,1,0.886291007,0.245961823,within contact bounds
0.5,1.95,O,O,O,O,O,energy outward,1.678668989496,1,0.886012340,0.246392925,within contact bounds
0.5,1.96,O,O,O,O,O,energy outward,1.685573606616,1,0.885757105,0.246824064,within contact bounds
0.5,1.97,O,O,O,O,O,energy outward,1.692265389485,1,0.885525589,0.247254199,within contact bounds
0.5,1.98,O,O,O,O,O,energy outward,1.698747363658,1,0.885318085,0.247684474,within contact bounds
0.5,1.99,O,O,O,O,O,energy outward,1.705022533485,1,0.885134891,0.248114316,within contact bounds
0.5,2.00,O,O,O,O,O,energy outward,1.711093884306,1,0.884976309,0.248543263,within contact bounds
0.5,2.01,O,O,O,O,O,energy outward,1.716964384658,1,0.884842645,0.248972479,within contact bounds
0.5,2.02,O,O,O,O,O,energy outward,1.722636988490,1,0.884734210,0.249401115,within contact bounds
0.5,2.03,O,O,O,O,O,energy outward,1.728114637402,1,0.884651321,0.249828896,within contact bounds
0.5,2.04,O,O,O,O,O,energy outward,1.733400262902,1,0.884594296,0.250257176,within contact bounds
0.5,2.05,O,O,O,O,O,energy outward,1.738496788695,1,0.884563461,0.250684530,within contact bounds
0.5,2.06,O,O,O,O,O,energy outward,1.743407132999,1,0.884559143,0.251111194,within contact bounds
0.5,2.07,O,O,O,O,O,energy outward,1.748134210915,1,0.884581676,0.251538378,within contact bounds
0.5,2.08,O,O,O,O,O,energy outward,1.752680936825,1,0.884631398,0.251964647,within contact bounds
0.5,2.09,O,O,O,O,O,energy outward,1.757050226861,1,0.884708650,0.252390244,within contact bounds
0.5,2.10,O,O,O,O,O,energy outward,1.761245001416,1,0.884813777,0.252816317,within contact bounds
0.5,2.11,O,O,O,O,O,energy outward,1.765268187734,1,0.884947129,0.253241548,within contact bounds
0.5,2.12,O,O,O,O,O,energy outward,1.769122722562,1,0.885109062,0.253666127,within contact bounds
0.5,2.13,O,O,O,O,O,energy outward,1.772811554894,1,0.885299933,0.254090863,within contact bounds
0.5,2.14,O,O,O,O,O,energy outward,1.776337648791,1,0.885520105,0.254515307,within contact bounds
0.5,2.15,O,O,O,O,O,energy outward,1.779703986308,1,0.885769945,0.254938914,within contact bounds
0.5,2.16,O,O,O,O,O,energy outward,1.782913570519,1,0.886049823,0.255362430,within contact bounds
0.5,2.17,O,O,O,O,O,energy outward,1.785969428667,1,0.886360114,0.255785945,within contact bounds
0.5,2.18,O,O,O,O,O,energy outward,1.788874615426,1,0.886701198,0.256208669,within contact bounds
0.5,2.19,O,O,O,O,O,energy outward,1.791632216316,1,0.887073457,0.256630907,within contact bounds
0.5,2.20,O,O,O,O,O,energy outward,1.794245351252,1,0.887477279,0.257053520,within contact bounds
0.5,2.21,O,O,O,O,O,energy outward,1.796717178259,1,0.887913054,0.257475536,within contact bounds
0.5,2.22,O,O,O,O,O,energy outward,1.799050897369,1,0.888381178,0.257896658,within contact bounds
0.5,2.23,O,O,O,O,O,energy outward,1.801249754691,1,0.888882049,0.258318089,within contact bounds
0.5,2.24,O,O,O,O,O,energy outward,1.803317046701,1,0.889416071,0.258739265,within contact bounds
0.5,2.25,O,O,O,O,O,energy outward,1.805256124745,1,0.889983650,0.259159870,within contact bounds
0.5,2.26,O,O,O,O,O,energy outward,1.807070399787,1,0.890585197,0.259579680,within contact bounds
0.5,2.27,O,O,O,O,O,energy outward,1.808763347409,1,0.891221126,0.260000057,within contact bounds
0.5,2.28,O,O,O,O,O,energy outward,1.810338513106,1,0.891891857,0.260419884,within contact bounds
0.5,2.29,O,O,O,O,O,energy outward,1.811799517874,1,0.892597810,0.260839168,within contact bounds
0.5,2.30,O,O,O,O,O,energy outward,1.813150064138,1,0.893339413,0.261257916,within contact bounds
0.5,2.31,O,O,O,O,O,energy outward,1.814393942031,1,0.894117094,0.261677009,within contact bounds
0.5,2.32,O,O,O,O,O,energy outward,1.815535036071,1,0.894931287,0.262095575,within contact bounds
0.5,2.33,O,O,O,O,O,energy outward,1.816577332258,1,0.895782428,0.262513625,within contact bounds
0.5,2.34,O,O,O,O,O,energy outward,1.817524925629,1,0.896670957,0.262931170,within contact bounds
0.5,2.35,O,O,O,O,O,energy outward,1.818382028317,1,0.897588615,0.263349116,within contact bounds
0.5,2.36,O,O,O,O,O,energy outward,1.819152978154,1,0.898505413,0.263766505,within contact bounds
0.5,2.37,O,O,O,O,O,energy outward,1.819842247866,1,0.899418859,0.264183409,within contact bounds
0.5,2.38,O,O,O,O,O,energy outward,1.820454454917,1,0.900329491,0.264599836,within contact bounds
0.5,2.39,O,O,O,O,O,energy outward,1.820994372059,1,0.901236416,0.265016510,within contact bounds
0.5,2.40,O,O,O,O,O,energy outward,1.821466938653,1,0.902140882,0.265432804,within contact bounds
0.5,2.41,O,O,O,O,O,energy outward,1.821877272835,1,0.903041571,0.265848643,within contact bounds
0.5,2.42,O,O,O,O,O,energy outward,1.822230684609,1,0.903939644,0.266264036,within contact bounds
0.5,2.43,O,O,O,O,O,energy outward,1.822532689953,1,0.904834561,0.266679276,within contact bounds
0.5,2.44,O,O,O,O,O,energy outward,1.822789026033,1,0.905726375,0.267094549,within contact bounds
0.5,2.45,O,O,O,O,O,energy outward,1.823005667652,1,0.906615646,0.267509398,within contact bounds
0.5,2.46,O,O,O,O,O,energy after landing,2.059873626658,0,0.907501275,0.267923655,within contact bounds
0.5,2.47,O,O,O,O,O,energy after landing,2.060009633636,0,0.908384671,0.268337539,within contact bounds
0.5,2.48,O,O,O,O,O,energy after landing,2.060063919328,0,0.909264366,0.268751728,within contact bounds
0.5,2.49,O,O,O,O,O,energy after landing,2.060036405512,0,0.910030316,0.269165780,within contact bounds
0.5,2.50,O,O,O,O,O,energy after landing,2.059927014853,0,0.910033522,0.269579162,within contact bounds
0.5,2.51,O,O,O,O,O,energy after landing,2.059735670907,0,0.910039129,0.269992140,within contact bounds
0.5,2.52,O,O,O,O,O,energy after landing,2.059462298129,0,0.910047140,0.270404948,within contact bounds
0.5,2.53,O,O,O,O,O,energy after landing,2.059106821871,0,0.910057557,0.270817844,within contact bounds
0.5,2.54,O,O,O,O,O,energy after landing,2.058669168393,0,0.910070382,0.271230348,within contact bounds
0.5,2.55,O,O,O,O,O,energy after landing,2.058149264861,0,0.910085617,0.271642463,within contact bounds
0.5,2.56,O,O,O,O,O,energy after landing,2.057547039355,0,0.910103265,0.272053842,within contact bounds
0.5,2.57,O,O,O,O,O,energy after landing,2.056862420869,0,0.910123327,0.272465590,within contact bounds
0.5,2.58,O,O,O,O,O,energy after landing,2.056095339320,0,0.910145806,0.272877255,within contact bounds
0.5,2.59,O,O,O,O,O,energy after landing,2.055245725545,0,0.910170703,0.273288545,within contact bounds
0.5,2.60,O,O,O,O,O,energy after landing,2.054313511312,0,0.910198021,0.273699321,within contact bounds
0.5,2.61,O,O,O,O,O,energy after landing,2.053298629318,0,0.910227761,0.274109722,within contact bounds
0.5,2.62,O,O,O,O,O,energy after landing,2.052201013195,0,0.910259925,0.274519917,within contact bounds
0.5,2.63,O,O,O,O,O,energy after landing,2.051020597514,0,0.910294516,0.274930418,within contact bounds
0.5,2.64,O,O,O,O,O,energy after landing,2.049757317786,0,0.910331536,0.275340654,within contact bounds
0.5,2.65,O,O,O,O,O,energy after landing,2.048411110468,0,0.910370985,0.275750294,within contact bounds
0.5,2.66,O,O,O,O,O,energy after landing,2.046981912965,0,0.910412867,0.276159582,within contact bounds
0.5,2.67,O,O,O,O,O,energy after landing,2.045469663634,0,0.910457182,0.276568521,within contact bounds
0.5,2.68,O,O,O,O,O,energy after landing,2.043874301789,0,0.910503932,0.276977860,within contact bounds
0.5,2.69,O,O,O,O,O,energy after landing,2.042195767698,0,0.910553120,0.277386772,within contact bounds
0.5,2.70,O,O,O,O,O,energy after landing,2.040434002595,0,0.910604747,0.277795344,within contact bounds
0.5,2.71,O,O,O,O,O,energy after landing,2.038588948676,0,0.910658815,0.278203577,within contact bounds
0.5,2.72,O,O,O,O,O,energy after landing,2.036660549108,0,0.910715325,0.278611065,within contact bounds
0.5,2.73,O,O,O,O,O,energy after landing,2.034648748025,0,0.910774279,0.279019169,within contact bounds
0.5,2.74,O,O,O,O,O,energy after landing,2.032553490540,0,0.910835679,0.279427053,within contact bounds
0.5,2.75,O,O,O,O,O,energy after landing,2.030374722739,0,0.910899526,0.279834610,within contact bounds
0.5,2.76,O,O,O,O,O,energy after landing,2.028112391693,0,0.910965821,0.280241844,within contact bounds
0.5,2.77,O,O,O,O,O,energy after landing,2.025766445452,0,0.911034567,0.280648500,within contact bounds
0.5,2.78,O,O,O,O,O,energy after landing,2.023336833056,0,0.911105765,0.281054953,within contact bounds
0.5,2.79,O,O,O,O,O,energy after landing,2.020823504533,0,0.911179416,0.281461625,within contact bounds
0.5,2.80,O,O,O,O,O,energy after landing,2.018226410905,0,0.911255521,0.281868220,within contact bounds
0.5,2.81,O,O,O,O,O,energy after landing,2.015545504187,0,0.911334083,0.282274573,within contact bounds
0.5,2.82,O,O,O,O,O,energy after landing,2.012780737395,0,0.911415102,0.282680410,within contact bounds
0.5,2.83,O,O,O,O,O,energy after landing,2.009932064545,0,0.911498580,0.283085941,within contact bounds
0.5,2.84,O,O,O,O,O,energy after landing,2.006999440657,0,0.911584518,0.283491168,within contact bounds
0.5,2.85,O,O,O,O,O,energy after landing,2.003982821760,0,0.911672917,0.283896285,within contact bounds
0.5,2.86,O,O,O,O,O,energy after landing,2.000882164893,0,0.911763779,0.284301950,within contact bounds
0.5,2.87,O,O,O,O,O,energy after landing,1.997697428104,0,0.911857105,0.284706899,within contact bounds
0.5,2.88,O,O,O,O,O,energy after landing,1.994428570463,0,0.911952896,0.285111554,within contact bounds
0.5,2.89,O,O,O,O,O,energy after landing,1.991075552053,0,0.912051153,0.285515917,within contact bounds
0.5,2.90,O,O,O,O,O,energy after landing,1.987638333983,0,0.912151878,0.285919991,within contact bounds
0.5,2.91,O,O,O,O,O,energy after landing,1.984116878383,0,0.912255071,0.286323958,within contact bounds
0.5,2.92,O,O,O,O,O,energy after landing,1.980511148411,0,0.912360734,0.286728063,within contact bounds
0.5,2.93,O,O,O,O,O,energy after landing,1.976821108257,0,0.912468867,0.287131885,within contact bounds
0.5,2.94,O,O,O,O,O,energy after landing,1.973046723140,0,0.912579472,0.287535426,within contact bounds
0.5,2.95,O,O,O,O,O,energy after landing,1.969187959318,0,0.912692550,0.287938689,within contact bounds
0.5,2.96,O,O,O,O,O,energy after landing,1.965244784085,0,0.912808101,0.288341320,within contact bounds
0.5,2.97,O,O,O,O,O,energy after landing,1.961217165777,0,0.912926127,0.288743988,within contact bounds
0.5,2.98,O,O,O,O,O,energy after landing,1.957105073773,0,0.913046628,0.289147017,within contact bounds
0.5,2.99,O,O,O,O,O,energy after landing,1.952908478499,0,0.913169606,0.289549776,within contact bounds
0.5,3.00,O,O,O,O,O,energy after landing,1.948627351432,0,0.913295061,0.289952268,within contact bounds
0.5,3.01,O,O,O,O,O,energy after landing,1.944261665098,0,0.913422993,0.290354420,within contact bounds
0.5,3.02,O,O,O,O,O,energy after landing,1.939811393079,0,0.913553404,0.290756248,within contact bounds
0.5,3.03,O,O,O,O,O,energy after landing,1.935276510016,0,0.913686295,0.291157814,within contact bounds
0.5,3.04,O,O,O,O,O,energy after landing,1.930656991608,0,0.913821666,0.291559119,within contact bounds
0.5,3.05,O,O,O,O,O,energy after landing,1.925952814618,0,0.913959518,0.291960801,within contact bounds
0.5,3.06,O,O,O,O,O,energy after landing,1.921163956875,0,0.914099851,0.292362542,within contact bounds
0.5,3.07,O,O,O,O,O,energy after landing,1.916290397276,0,0.914242667,0.292763658,within contact bounds
0.5,3.08,O,O,O,O,O,energy after landing,1.911332115790,0,0.914387965,0.293164521,within contact bounds
0.5,3.09,O,O,O,O,O,energy after landing,1.906289093459,0,0.914535746,0.293565134,within contact bounds
0.5,3.10,O,O,O,O,O,energy after landing,1.901161312401,0,0.914686011,0.293965497,within contact bounds
0.5,3.11,O,O,O,O,O,energy after landing,1.895948755815,0,0.914838761,0.294365613,within contact bounds
0.5,3.12,O,O,O,O,O,energy after landing,1.890651407981,0,0.914993995,0.294766192,within contact bounds
0.5,3.13,O,O,O,O,O,energy after landing,1.885269254265,0,0.915151714,0.295166388,within contact bounds
0.5,3.14,O,O,O,O,O,energy after landing,1.879802281119,0,0.915311919,0.295566342,within contact bounds
0.5,3.15,O,O,O,O,O,energy after landing,1.874250476086,0,0.915474610,0.295966056,within contact bounds
0.5,3.16,O,O,O,O,O,energy after landing,1.868613827803,0,0.915639787,0.296365531,within contact bounds
0.5,3.17,O,O,O,O,O,energy after landing,1.862892326001,0,0.915807450,0.296764770,within contact bounds
0.5,3.18,O,O,O,O,O,energy after landing,1.857085961511,0,0.915977601,0.297163475,within contact bounds
0.5,3.19,O,O,O,O,O,energy after landing,1.851194726264,0,0.916150238,0.297562804,within contact bounds
0.5,3.20,O,O,O,O,O,energy after landing,1.845218613295,0,0.916325363,0.297961902,within contact bounds
0.5,3.21,O,O,O,O,O,energy after landing,1.839157616747,0,0.916502975,0.298360769,within contact bounds
0.5,3.22,O,O,O,O,O,energy after landing,1.833011731872,0,0.916683075,0.298759409,within contact bounds
0.5,3.23,O,O,O,O,O,energy after landing,1.826780955033,0,0.916865662,0.299157822,within contact bounds
0.5,3.24,O,O,O,O,O,energy after landing,1.820465283709,0,0.917050737,0.299555703,within contact bounds
0.5,3.25,O,O,O,O,O,energy after landing,1.814064716498,0,0.917238300,0.299953539,within contact bounds
0.5,3.26,O,O,O,O,O,energy after landing,1.807579253116,0,0.917428351,0.300351384,ideal no-slip/no-flight constraint result
0.5,3.27,O,O,O,O,O,energy after landing,1.801008894404,0,0.917620890,0.300749455,ideal no-slip/no-flight constraint result
0.5,3.28,O,O,O,O,O,energy after landing,1.794353642329,0,0.917815916,0.301147308,ideal no-slip/no-flight constraint result
0.5,3.29,O,O,O,O,O,energy after landing,1.787613499984,0,0.918013430,0.301544945,ideal no-slip/no-flight constraint result
0.5,3.30,O,O,O,O,O,energy after landing,1.780788471599,0,0.918213431,0.301942339,ideal no-slip/no-flight constraint result
0.5,3.31,O,O,O,O,O,energy after landing,1.773878562534,0,0.918415920,0.302339419,ideal no-slip/no-flight constraint result
0.5,3.32,O,O,O,O,O,energy after landing,1.766883779288,0,0.918620896,0.302736286,ideal no-slip/no-flight constraint result
0.5,3.33,O,O,O,O,O,energy after landing,1.759804129499,0,0.918828359,0.303132943,ideal no-slip/no-flight constraint result
0.5,3.34,O,O,O,O,O,event,1.008898071274,0,0.943987704,0.303529574,ideal no-slip/no-flight constraint result
0.5,3.35,O,O,O,O,O,event,1.052718762760,0,0.943573693,0.303926354,ideal no-slip/no-flight constraint result
0.5,3.36,O,O,O,O,O,event,1.096652378128,0,0.943156002,0.304323263,ideal no-slip/no-flight constraint result
0.5,3.37,O,O,O,O,O,event,1.140537111114,0,0.942734562,0.304719645,ideal no-slip/no-flight constraint result
0.5,3.38,O,O,O,O,O,event,1.184315236293,0,0.942308739,0.305115783,ideal no-slip/no-flight constraint result
0.5,3.39,O,O,O,O,O,event,1.227957924467,0,0.941878723,0.305511858,ideal no-slip/no-flight constraint result
0.5,3.40,O,O,O,O,O,event,1.271448970099,0,0.941445329,0.305907155,ideal no-slip/no-flight constraint result
0.5,3.41,O,O,O,O,O,event,1.314778806608,0,0.941007540,0.306303175,ideal no-slip/no-flight constraint result
0.5,3.42,O,O,O,O,O,event,1.357941751213,0,0.940565319,0.306698847,ideal no-slip/no-flight constraint result
0.5,3.43,O,O,O,O,O,event,1.400934555814,0,0.940120018,0.307094280,ideal no-slip/no-flight constraint result
0.5,3.44,O,O,O,O,O,event,1.443755573369,0,0.939670148,0.307489965,ideal no-slip/no-flight constraint result
0.5,3.45,O,O,O,O,O,event,1.486404246289,0,0.939216118,0.307885288,ideal no-slip/no-flight constraint result
0.5,3.46,O,O,O,O,O,event,1.528880776737,0,0.938758623,0.308280403,ideal no-slip/no-flight constraint result
0.5,3.47,O,O,O,O,O,event,1.571185905890,0,0.938296790,0.308675143,ideal no-slip/no-flight constraint result
0.5,3.48,O,O,O,O,O,event,1.613320761588,0,0.937831518,0.309070080,ideal no-slip/no-flight constraint result
0.5,3.49,O,O,O,O,O,event,1.655286750561,0,0.937362040,0.309464397,ideal no-slip/no-flight constraint result
0.5,3.50,O,O,O,O,O,event,1.697085480627,0,0.936888475,0.309858740,ideal no-slip/no-flight constraint result
0.5,3.51,O,O,O,O,O,event,1.738718703586,0,0.936410986,0.310253539,ideal no-slip/no-flight constraint result
0.5,3.52,O,O,O,O,O,event,1.780188272727,0,0.935929863,0.310648058,ideal no-slip/no-flight constraint result
0.5,3.53,O,O,O,O,O,event,1.821496110847,0,0.935445236,0.311042361,ideal no-slip/no-flight constraint result
0.5,3.54,O,O,O,O,O,event,1.862644185958,0,0.934955619,0.311436575,ideal no-slip/no-flight constraint result
0.5,3.55,O,O,O,O,O,event,1.903634492714,0,0.934463037,0.311830546,ideal no-slip/no-flight constraint result
0.5,3.56,O,O,O,O,O,event,1.944469038124,0,0.933965869,0.312224413,ideal no-slip/no-flight constraint result
0.5,3.57,O,O,O,O,O,event,1.985149830522,0,0.933465100,0.312617759,ideal no-slip/no-flight constraint result
0.5,3.58,O,O,O,O,O,event,2.025678871055,0,0.932960664,0.313011081,ideal no-slip/no-flight constraint result
0.5,3.59,O,O,O,O,O,event,2.066058147091,0,0.932452878,0.313404450,ideal no-slip/no-flight constraint result
0.5,3.60,O,O,O,O,O,event,2.106289627149,0,0.931940408,0.313798232,ideal no-slip/no-flight constraint result
0.5,3.61,O,O,O,O,O,event,2.146375257009,0,0.931424216,0.314191817,ideal no-slip/no-flight constraint result
0.5,3.62,O,O,O,O,O,event,2.186316956758,0,0.930904286,0.314585057,ideal no-slip/no-flight constraint result
0.5,3.63,O,O,O,O,O,event,2.226116618577,0,0.930380154,0.314977990,ideal no-slip/no-flight constraint result
0.5,3.64,O,O,O,O,O,event,2.265776105116,0,0.929852712,0.315371012,ideal no-slip/no-flight constraint result
0.5,3.65,O,O,O,O,O,event,2.305297248340,0,0.929321552,0.315763810,ideal no-slip/no-flight constraint result
0.5,3.66,O,O,O,O,O,event,2.344681848752,0,0.928785787,0.316156420,ideal no-slip/no-flight constraint result
0.5,3.67,O,O,O,O,O,event,2.383931674915,0,0.928246292,0.316548468,ideal no-slip/no-flight constraint result
0.5,3.68,O,O,O,O,O,event,2.423048463218,0,0.927703587,0.316941167,ideal no-slip/no-flight constraint result
0.5,3.69,O,O,O,O,O,event,2.462033917829,0,0.927157404,0.317333693,ideal no-slip/no-flight constraint result
0.5,3.70,O,O,O,O,O,event,2.500889710811,0,0.926606168,0.317726065,ideal no-slip/no-flight constraint result
0.5,3.71,O,O,O,O,O,event,2.539617482353,0,0.926051702,0.318118298,ideal no-slip/no-flight constraint result
0.5,3.72,O,O,O,O,O,event,2.578218841102,0,0.925494205,0.318510403,ideal no-slip/no-flight constraint result
0.5,3.73,O,O,O,O,O,event,2.616695364568,0,0.924931566,0.318902381,ideal no-slip/no-flight constraint result
0.5,3.74,O,O,O,O,O,event,2.655048599595,0,0.924366262,0.319294241,ideal no-slip/no-flight constraint result
0.5,3.75,O,O,O,O,O,event,2.693280062869,0,0.923796544,0.319686015,ideal no-slip/no-flight constraint result
0.5,3.76,O,O,O,O,O,event,2.731391241468,0,0.923223440,0.320076916,ideal no-slip/no-flight constraint result
0.5,3.77,O,O,O,O,O,event,2.769383593432,0,0.922646127,0.320468574,ideal no-slip/no-flight constraint result
0.5,3.78,O,O,O,O,O,event,2.807258548356,0,0.922065752,0.320860585,ideal no-slip/no-flight constraint result
0.5,3.79,O,O,O,O,O,event,2.845017507987,0,0.921480555,0.321251868,ideal no-slip/no-flight constraint result
0.5,3.80,O,O,O,O,O,event,2.882661846834,0,0.920892893,0.321643488,ideal no-slip/no-flight constraint result
0.5,3.81,O,O,O,O,O,event,2.920192912774,0,0.920300066,0.322034656,ideal no-slip/no-flight constraint result
0.5,3.82,O,O,O,O,O,event,2.957612027668,0,0.919704339,0.322425637,ideal no-slip/no-flight constraint result
0.5,3.83,O,O,O,O,O,event,2.994920487955,0,0.919105020,0.322816734,ideal no-slip/no-flight constraint result
0.5,3.84,O,O,O,O,O,event,3.032119565262,0,0.918501186,0.323207187,ideal no-slip/no-flight constraint result
0.5,3.85,O,O,O,O,O,event,3.069210506983,0,0.917894452,0.323598243,ideal no-slip/no-flight constraint result
0.5,3.86,O,O,O,O,O,event,3.106194536870,0,0.917283954,0.323988310,ideal no-slip/no-flight constraint result
0.5,3.87,O,O,O,O,O,event,3.143072855601,0,0.916668773,0.324379645,ideal no-slip/no-flight constraint result
0.5,3.88,O,O,O,O,O,event,3.179846641338,0,0.916050359,0.324769916,ideal no-slip/no-flight constraint result
0.5,3.89,O,O,O,O,O,event,3.216517050278,0,0.915428706,0.325160858,ideal no-slip/no-flight constraint result
0.5,3.90,O,O,O,O,O,event,3.253085217190,0,0.914803339,0.325551342,ideal no-slip/no-flight constraint result
0.5,3.91,O,O,O,O,O,event,3.289552255935,0,0.914173054,0.325941640,ideal no-slip/no-flight constraint result
0.5,3.92,O,O,O,O,O,event,3.325919259983,0,0.913539719,0.326331844,ideal no-slip/no-flight constraint result
0.5,3.93,O,O,O,O,O,event,3.362187302906,0,0.912902872,0.326721659,ideal no-slip/no-flight constraint result
0.5,3.94,O,O,O,O,O,event,3.398357438868,0,0.912262829,0.327112024,ideal no-slip/no-flight constraint result
0.5,3.95,O,O,O,O,O,event,3.434430703095,0,0.911618685,0.327501651,ideal no-slip/no-flight constraint result
0.5,3.96,O,O,O,O,O,event,3.470408112336,0,0.910970216,0.327891121,ideal no-slip/no-flight constraint result
0.5,3.97,O,O,O,O,O,event,3.506290665313,0,0.910318174,0.328281503,ideal no-slip/no-flight constraint result
0.5,3.98,O,O,O,O,O,event,3.542079343154,0,0.909662534,0.328671562,ideal no-slip/no-flight constraint result
0.5,3.99,O,O,O,O,O,event,3.577775109820,0,0.909003261,0.329060908,ideal no-slip/no-flight constraint result
0.5,4.00,O,O,O,O,O,event,3.613378912514,0,0.908340434,0.329450833,ideal no-slip/no-flight constraint result
0.5,4.01,O,O,O,O,O,event,3.648891682082,0,0.907673941,0.329840482,ideal no-slip/no-flight constraint result
0.5,4.02,O,O,O,O,O,event,3.684314333404,0,0.907003772,0.330229872,ideal no-slip/no-flight constraint result
0.5,4.03,O,O,O,O,O,event,3.719647765770,0,0.906329915,0.330619018,ideal no-slip/no-flight constraint result
0.5,4.04,O,O,O,O,O,event,3.754892863250,0,0.905652363,0.331007939,ideal no-slip/no-flight constraint result
0.5,4.05,O,O,O,O,O,event,3.790050495046,0,0.904971111,0.331397215,ideal no-slip/no-flight constraint result
0.5,4.06,O,O,O,O,O,event,3.825121515846,0,0.904286154,0.331786804,ideal no-slip/no-flight constraint result
0.5,4.07,O,O,O,O,O,event,3.860106766156,0,0.903597835,0.332175392,ideal no-slip/no-flight constraint result
0.5,4.08,O,O,O,O,O,event,3.895007072627,0,0.902905462,0.332564696,ideal no-slip/no-flight constraint result
0.5,4.09,O,O,O,O,O,event,3.929823248379,0,0.902209381,0.332954038,ideal no-slip/no-flight constraint result
0.5,4.10,O,O,O,O,O,event,3.964556093302,0,0.901509598,0.333343196,ideal no-slip/no-flight constraint result
0.5,4.11,O,O,O,O,O,event,3.999206394363,0,0.900806122,0.333732180,ideal no-slip/no-flight constraint result
0.5,4.12,O,O,O,O,O,event,4.033774925896,0,0.900098963,0.334121004,ideal no-slip/no-flight constraint result
0.5,4.13,O,O,O,O,O,event,4.068262449883,0,0.899388132,0.334509678,ideal no-slip/no-flight constraint result
0.5,4.14,O,O,O,O,O,event,4.102669716233,0,0.898673643,0.334898211,ideal no-slip/no-flight constraint result
0.5,4.15,O,O,O,O,O,event,4.136997463050,0,0.897955513,0.335286614,ideal no-slip/no-flight constraint result
0.5,4.16,O,O,O,O,O,event,4.171246416891,0,0.897233759,0.335674897,ideal no-slip/no-flight constraint result
0.5,4.17,O,O,O,O,O,event,4.205417293022,0,0.896508400,0.336063375,ideal no-slip/no-flight constraint result
0.5,4.18,O,O,O,O,O,event,4.239510795663,0,0.895779458,0.336452155,ideal no-slip/no-flight constraint result
0.5,4.19,O,O,O,O,O,event,4.273527618227,0,0.895046956,0.336840814,ideal no-slip/no-flight constraint result
0.5,4.20,O,O,O,O,O,event,4.307468443555,0,0.894310921,0.337229359,ideal no-slip/no-flight constraint result
0.5,4.21,O,O,O,O,O,event,4.341333944139,0,0.893571692,0.337617650,ideal no-slip/no-flight constraint result
0.5,4.22,O,O,O,O,O,event,4.375124782347,0,0.892827816,0.338005763,ideal no-slip/no-flight constraint result
0.5,4.23,O,O,O,O,O,event,4.408841610633,0,0.892080169,0.338393794,ideal no-slip/no-flight constraint result
0.5,4.24,O,O,O,O,O,event,4.442485071750,0,0.891329018,0.338781750,ideal no-slip/no-flight constraint result
0.5,4.25,O,O,O,O,O,event,4.476055798949,0,0.890574398,0.339169699,ideal no-slip/no-flight constraint result
0.5,4.26,O,O,O,O,O,event,4.509554416179,0,0.889816343,0.339558021,ideal no-slip/no-flight constraint result
0.5,4.27,O,O,O,O,O,event,4.542981538277,0,0.889054890,0.339946259,ideal no-slip/no-flight constraint result
0.5,4.28,O,O,O,O,O,event,4.576337771161,0,0.888290078,0.340334421,ideal no-slip/no-flight constraint result
0.5,4.29,O,O,O,O,O,event,4.609623712004,0,0.887520885,0.340722510,ideal no-slip/no-flight constraint result
0.5,4.30,O,O,O,O,O,event,4.642839949419,0,0.886747656,0.341110532,ideal no-slip/no-flight constraint result
0.5,4.31,O,O,O,O,O,event,4.675987063627,0,0.885971088,0.341498456,ideal no-slip/no-flight constraint result
0.5,4.32,O,O,O,O,O,event,4.709065626629,0,0.885191359,0.341886223,ideal no-slip/no-flight constraint result
0.5,4.33,O,O,O,O,O,event,4.742076202368,0,0.884408394,0.342273945,ideal no-slip/no-flight constraint result
0.5,4.34,O,O,O,O,O,event,4.775019346889,0,0.883621452,0.342661625,ideal no-slip/no-flight constraint result
0.5,4.35,O,O,O,O,O,event,4.807895608495,0,0.882829958,0.343049269,ideal no-slip/no-flight constraint result
0.5,4.36,O,O,O,O,O,event,4.840705527901,0,0.882035280,0.343436878,ideal no-slip/no-flight constraint result
0.5,4.37,O,O,O,O,O,event,4.873449638378,0,0.881237584,0.343824998,ideal no-slip/no-flight constraint result
0.5,4.38,O,O,O,O,O,event,4.906128465901,0,0.880436804,0.344212678,ideal no-slip/no-flight constraint result
0.5,4.39,O,O,O,O,O,event,4.938742529288,0,0.879630930,0.344600318,ideal no-slip/no-flight constraint result
0.5,4.40,O,O,O,O,O,event,4.971292340337,0,0.878821563,0.344987923,ideal no-slip/no-flight constraint result
0.5,4.41,O,O,O,O,O,event,5.003778403963,0,0.878009187,0.345375493,ideal no-slip/no-flight constraint result
0.5,4.42,O,O,O,O,O,event,5.036201218322,0,0.877194048,0.345762723,ideal no-slip/no-flight constraint result
0.5,4.43,O,O,O,O,O,event,5.068561274945,0,0.876373882,0.346150192,ideal no-slip/no-flight constraint result
0.5,4.44,O,O,O,O,O,event,5.100859058859,0,0.875550042,0.346537642,ideal no-slip/no-flight constraint result
0.5,4.45,O,O,O,O,O,event,5.133095048709,0,0.874723337,0.346925074,ideal no-slip/no-flight constraint result
0.5,4.46,O,O,O,O,O,event,5.165269716877,0,0.873894015,0.347312586,ideal no-slip/no-flight constraint result
0.5,4.47,O,O,O,O,O,event,5.197383529594,0,0.873058901,0.347699998,ideal no-slip/no-flight constraint result
0.5,4.48,O,O,O,O,O,event,5.229436947060,0,0.872220870,0.348087384,ideal no-slip/no-flight constraint result
0.5,4.49,O,O,O,O,O,event,5.261430423545,0,0.871380138,0.348474744,ideal no-slip/no-flight constraint result
0.5,4.50,O,O,O,O,O,event,5.293364407505,0,0.870535566,0.348862397,ideal no-slip/no-flight constraint result
0.5,4.51,O,O,O,O,O,event,5.325239341680,0,0.869686290,0.349249738,ideal no-slip/no-flight constraint result
0.5,4.52,O,O,O,O,O,event,5.357055663202,0,0.868834416,0.349637066,ideal no-slip/no-flight constraint result
0.5,4.53,O,O,O,O,O,event,5.388813803692,0,0.867980023,0.350024380,ideal no-slip/no-flight constraint result
0.5,4.54,O,O,O,O,O,event,5.420514189359,0,0.867119474,0.350410756,ideal no-slip/no-flight constraint result
0.5,4.55,O,O,O,O,O,event,5.452157241093,0,0.866256569,0.350798100,ideal no-slip/no-flight constraint result
0.5,4.56,O,O,O,O,O,event,5.483743374565,0,0.865391265,0.351185441,ideal no-slip/no-flight constraint result
0.5,4.57,O,O,O,O,O,event,5.515273000310,0,0.864520353,0.351573358,ideal no-slip/no-flight constraint result
0.5,4.58,O,O,O,O,O,event,5.546746523823,0,0.863646549,0.351960570,ideal no-slip/no-flight constraint result
0.5,4.59,O,O,O,O,O,event,5.578164345642,0,0.862770474,0.352347764,ideal no-slip/no-flight constraint result
0.5,4.60,O,O,O,O,O,event,5.609526861436,0,0.861888952,0.352734942,ideal no-slip/no-flight constraint result
0.5,4.61,O,O,O,O,O,event,5.640834462086,0,0.861004359,0.353122421,ideal no-slip/no-flight constraint result
0.5,4.62,O,O,O,O,O,event,5.672087533768,0,0.860117677,0.353509679,ideal no-slip/no-flight constraint result
0.5,4.63,O,O,O,O,O,event,5.703286458033,0,0.859225200,0.353896928,ideal no-slip/no-flight constraint result
0.5,4.64,O,O,O,O,O,event,5.734431611884,0,0.858330051,0.354283377,ideal no-slip/no-flight constraint result
0.5,4.65,O,O,O,O,O,event,5.765523367853,0,0.857432851,0.354670739,ideal no-slip/no-flight constraint result
0.5,4.66,O,O,O,O,O,event,5.796562094076,0,0.856529236,0.355058096,ideal no-slip/no-flight constraint result
0.5,4.67,O,O,O,O,O,event,5.827548154365,0,0.855623729,0.355445503,ideal no-slip/no-flight constraint result
0.5,4.68,O,O,O,O,O,event,5.858481908279,0,0.854715112,0.355832620,ideal no-slip/no-flight constraint result
0.5,4.69,O,O,O,O,O,event,5.889363711197,0,0.853801198,0.356219717,ideal no-slip/no-flight constraint result
0.5,4.70,O,O,O,O,O,event,5.920193914381,0,0.852885546,0.356607583,ideal no-slip/no-flight constraint result
0.5,4.71,O,O,O,O,O,event,5.950972865051,0,0.851965252,0.356994825,ideal no-slip/no-flight constraint result
0.5,4.72,O,O,O,O,O,event,5.981700906442,0,0.851046479,0.357382052,ideal no-slip/no-flight constraint result
0.5,4.73,O,O,O,O,O,event,6.012378377875,0,0.850129219,0.357769088,ideal no-slip/no-flight constraint result
0.5,4.74,O,O,O,O,O,event,6.043005614814,0,0.849213460,0.358156486,ideal no-slip/no-flight constraint result
0.5,4.75,O,O,O,O,O,event,6.073582948933,0,0.848299194,0.358543112,ideal no-slip/no-flight constraint result
0.5,4.76,O,O,O,O,O,event,6.104110708173,0,0.847386410,0.358930177,ideal no-slip/no-flight constraint result
0.5,4.77,O,O,O,O,O,event,6.134589216804,0,0.846475098,0.359317731,ideal no-slip/no-flight constraint result
0.5,4.78,O,O,O,O,O,event,6.165018795477,0,0.845565250,0.359705775,ideal no-slip/no-flight constraint result
0.5,4.79,O,O,O,O,O,event,6.195399761288,0,0.844656855,0.360093005,ideal no-slip/no-flight constraint result
0.5,4.80,O,O,O,O,O,event,6.225732427829,0,0.843749904,0.360480658,ideal no-slip/no-flight constraint result
0.5,4.81,O,O,O,O,O,event,6.256017105244,0,0.842844388,0.360868097,ideal no-slip/no-flight constraint result
0.5,4.82,O,O,O,O,O,event,6.286254100279,0,0.841940298,0.361255516,ideal no-slip/no-flight constraint result
0.5,4.83,O,O,O,O,O,event,6.316443716342,0,0.841037625,0.361642541,ideal no-slip/no-flight constraint result
0.5,4.84,O,O,O,O,O,event,6.346586253545,0,0.840136359,0.362030192,ideal no-slip/no-flight constraint result
0.5,4.85,O,O,O,O,O,event,6.376682008762,0,0.839236492,0.362417184,ideal no-slip/no-flight constraint result
0.5,4.86,O,O,O,O,O,event,6.406731275671,0,0.838338014,0.362804399,ideal no-slip/no-flight constraint result
0.5,4.87,O,O,O,O,O,event,6.436734344809,0,0.837440919,0.363192167,ideal no-slip/no-flight constraint result
0.5,4.88,O,O,O,O,O,event,6.466691503616,0,0.836545196,0.363580395,ideal no-slip/no-flight constraint result
0.5,4.89,O,O,O,O,O,event,6.496603036480,0,0.835650837,0.363967820,ideal no-slip/no-flight constraint result
0.5,4.90,O,O,O,O,O,event,6.526469224786,0,0.834757834,0.364355856,ideal no-slip/no-flight constraint result
0.5,4.91,O,O,O,O,O,event,6.556290346957,0,0.833866178,0.364743543,ideal no-slip/no-flight constraint result
0.5,4.92,O,O,O,O,O,event,6.586066678502,0,0.832975862,0.365130823,ideal no-slip/no-flight constraint result
0.5,4.93,O,O,O,O,O,event,6.615798492054,0,0.832086877,0.365518788,ideal no-slip/no-flight constraint result
0.5,4.94,O,O,O,O,O,event,6.645486057417,0,0.831199215,0.365906725,ideal no-slip/no-flight constraint result
0.5,4.95,O,O,O,O,O,event,6.675129641603,0,0.830312868,0.366293596,ideal no-slip/no-flight constraint result
0.5,4.96,O,O,O,O,O,event,6.704729508875,0,0.829427828,0.366681828,ideal no-slip/no-flight constraint result
0.5,4.97,O,O,O,O,O,event,6.734285920787,0,0.828544087,0.367070088,ideal no-slip/no-flight constraint result
0.5,4.98,O,O,O,O,O,event,6.763799136221,0,0.827661638,0.367457767,ideal no-slip/no-flight constraint result
0.5,4.99,O,O,O,O,O,event,6.793269411429,0,0.826780473,0.367846379,ideal no-slip/no-flight constraint result
0.5,5.00,O,O,O,O,O,event,6.822697000065,0,0.825900584,0.368234360,ideal no-slip/no-flight constraint result
0.5,5.01,O,O,O,O,O,event,6.852082153227,0,0.825021964,0.368622315,ideal no-slip/no-flight constraint result
0.5,5.02,O,O,O,O,O,event,6.881425119491,0,0.824144605,0.369010612,ideal no-slip/no-flight constraint result
0.5,5.03,O,O,O,O,O,event,6.910726144947,0,0.823268501,0.369398867,ideal no-slip/no-flight constraint result
0.5,5.04,O,O,O,O,O,event,6.939985473233,0,0.822393643,0.369786559,ideal no-slip/no-flight constraint result
0.5,5.05,O,O,O,O,O,event,6.969203345572,0,0.821520025,0.370175147,ideal no-slip/no-flight constraint result
0.5,5.06,O,O,O,O,O,event,6.998380000803,0,0.820647639,0.370562960,ideal no-slip/no-flight constraint result
0.5,5.07,O,O,O,O,O,event,7.027515675412,0,0.819776478,0.370951171,ideal no-slip/no-flight constraint result
0.5,5.08,O,O,O,O,O,event,7.056610603572,0,0.818906536,0.371340486,ideal no-slip/no-flight constraint result
0.5,5.09,O,O,O,O,O,event,7.085665017168,0,0.818037805,0.371728760,ideal no-slip/no-flight constraint result
0.5,5.10,O,O,O,O,O,event,7.114679145828,0,0.817170279,0.372117782,ideal no-slip/no-flight constraint result
0.5,5.11,O,O,O,O,O,event,7.143653216962,0,0.816303950,0.372506406,ideal no-slip/no-flight constraint result
0.5,5.12,O,O,O,O,O,event,7.172587455781,0,0.815438813,0.372894883,ideal no-slip/no-flight constraint result
0.5,5.13,O,O,O,O,O,event,7.201482085336,0,0.814574859,0.373283869,ideal no-slip/no-flight constraint result
0.5,5.14,O,O,O,O,O,event,7.230337326541,0,0.813712084,0.373671821,ideal no-slip/no-flight constraint result
0.5,5.15,O,O,O,O,O,event,7.259153398205,0,0.812850479,0.374061181,ideal no-slip/no-flight constraint result
0.5,5.16,O,O,O,O,O,event,7.287930517061,0,0.811990040,0.374450206,ideal no-slip/no-flight constraint result
0.5,5.17,O,O,O,O,O,event,7.316668897789,0,0.811130758,0.374838827,ideal no-slip/no-flight constraint result
0.5,5.18,O,O,O,O,O,event,7.345368753048,0,0.810272629,0.375228839,ideal no-slip/no-flight constraint result
0.5,5.19,O,O,O,O,O,event,7.374030293501,0,0.809415645,0.375617837,ideal no-slip/no-flight constraint result
0.5,5.20,O,O,O,O,O,event,7.402653727840,0,0.808559800,0.376007377,ideal no-slip/no-flight constraint result
0.5,5.21,O,O,O,O,O,event,7.431239262814,0,0.807705089,0.376396764,ideal no-slip/no-flight constraint result
0.5,5.22,O,O,O,O,O,event,7.459787103254,0,0.806851505,0.376785852,ideal no-slip/no-flight constraint result
0.5,5.23,O,O,O,O,O,event,7.488297452097,0,0.805999042,0.377175639,ideal no-slip/no-flight constraint result
0.5,5.24,O,O,O,O,O,event,7.516770510411,0,0.805147693,0.377564295,ideal no-slip/no-flight constraint result
0.5,5.25,O,O,O,O,O,event,7.545206477418,0,0.804297454,0.377954493,ideal no-slip/no-flight constraint result
0.5,5.26,O,O,O,O,O,event,7.573605550521,0,0.803448318,0.378344327,ideal no-slip/no-flight constraint result
0.5,5.27,O,O,O,O,O,event,7.601967925326,0,0.802600279,0.378733698,ideal no-slip/no-flight constraint result
0.5,5.28,O,O,O,O,O,event,7.630293795660,0,0.801753332,0.379124570,ideal no-slip/no-flight constraint result
0.5,5.29,O,O,O,O,O,event,7.658583353603,0,0.800907471,0.379514553,ideal no-slip/no-flight constraint result
0.5,5.30,O,O,O,O,O,event,7.686836789502,0,0.800062689,0.379904844,ideal no-slip/no-flight constraint result
0.5,5.31,O,O,O,O,O,event,7.715054291996,0,0.799218982,0.380294452,ideal no-slip/no-flight constraint result
0.5,5.32,O,O,O,O,O,event,7.743236048041,0,0.798376344,0.380685177,ideal no-slip/no-flight constraint result
0.5,5.33,O,O,O,O,O,event,7.771382242922,0,0.797534769,0.381074922,ideal no-slip/no-flight constraint result
0.5,5.34,O,O,O,O,O,event,7.799493060284,0,0.796694252,0.381465598,ideal no-slip/no-flight constraint result
0.5,5.35,O,O,O,O,O,event,7.827568682147,0,0.795854787,0.381856688,ideal no-slip/no-flight constraint result
0.5,5.36,O,O,O,O,O,event,7.855609288925,0,0.795016369,0.382246963,ideal no-slip/no-flight constraint result
0.5,5.37,O,O,O,O,O,event,7.883615059450,0,0.794178993,0.382638565,ideal no-slip/no-flight constraint result
0.5,5.38,O,O,O,O,O,event,7.911586170990,0,0.793342653,0.383029287,ideal no-slip/no-flight constraint result
0.5,5.39,O,O,O,O,O,event,7.939522799266,0,0.792507344,0.383420580,ideal no-slip/no-flight constraint result
0.5,5.40,O,O,O,O,O,event,7.967425118472,0,0.791673061,0.383811022,ideal no-slip/no-flight constraint result
0.5,5.41,O,O,O,O,O,event,7.995293301297,0,0.790839798,0.384202761,ideal no-slip/no-flight constraint result
0.5,5.42,O,O,O,O,O,event,8.023127518937,0,0.790007551,0.384593591,ideal no-slip/no-flight constraint result
0.5,5.43,O,O,O,O,O,event,8.050927941120,0,0.789176315,0.384985135,ideal no-slip/no-flight constraint result
0.5,5.44,O,O,O,O,O,event,8.078694736118,0,0.788346084,0.385377273,ideal no-slip/no-flight constraint result
0.5,5.45,O,O,O,O,O,event,8.106428070766,0,0.787516854,0.385768528,ideal no-slip/no-flight constraint result
0.5,5.46,O,O,O,O,O,event,8.134128110482,0,0.786688619,0.386161169,ideal no-slip/no-flight constraint result
0.5,5.47,O,O,O,O,O,event,8.161795019282,0,0.785861375,0.386552904,ideal no-slip/no-flight constraint result
0.5,5.48,O,O,O,O,O,event,8.189428959794,0,0.785035116,0.386945308,ideal no-slip/no-flight constraint result
0.5,5.49,O,O,O,O,O,event,8.217030093279,0,0.784209839,0.387336888,ideal no-slip/no-flight constraint result
0.5,5.50,O,O,O,O,O,event,8.244598579645,0,0.783385537,0.387729715,ideal no-slip/no-flight constraint result
0.5,5.51,O,O,O,O,O,event,8.272134577462,0,0.782562207,0.388121453,ideal no-slip/no-flight constraint result
0.5,5.52,O,O,O,O,O,event,8.299638243979,0,0.781739844,0.388514417,ideal no-slip/no-flight constraint result
0.5,5.53,O,O,O,O,O,event,8.327109735141,0,0.780918443,0.388907431,ideal no-slip/no-flight constraint result
0.5,5.54,O,O,O,O,O,event,8.354549205599,0,0.780097999,0.389299745,ideal no-slip/no-flight constraint result
0.5,5.55,O,O,O,O,O,event,8.381956808732,0,0.779278508,0.389693727,ideal no-slip/no-flight constraint result
0.5,5.56,O,O,O,O,O,event,8.409332696654,0,0.778459965,0.390086903,ideal no-slip/no-flight constraint result
0.5,5.57,O,O,O,O,O,event,8.436677020238,0,0.777642366,0.390480366,ideal no-slip/no-flight constraint result
0.5,5.58,O,O,O,O,O,event,8.463989929120,0,0.776825707,0.390873381,ideal no-slip/no-flight constraint result
0.5,5.59,O,O,O,O,O,event,8.491271571720,0,0.776009982,0.391267375,ideal no-slip/no-flight constraint result
0.5,5.60,O,O,O,O,O,event,8.518522095255,0,0.775195188,0.391660244,ideal no-slip/no-flight constraint result
0.5,5.61,O,O,O,O,O,event,8.545741645751,0,0.774381319,0.392054948,ideal no-slip/no-flight constraint result
0.5,5.62,O,O,O,O,O,event,8.572930368057,0,0.773568373,0.392448534,ideal no-slip/no-flight constraint result
0.5,5.63,O,O,O,O,O,event,8.600088405859,0,0.772756344,0.392843480,ideal no-slip/no-flight constraint result
0.5,5.64,O,O,O,O,O,event,8.627215901691,0,0.771945228,0.393237609,ideal no-slip/no-flight constraint result
0.5,5.65,O,O,O,O,O,event,8.654312996951,0,0.771135022,0.393632446,ideal no-slip/no-flight constraint result
0.5,5.66,O,O,O,O,O,event,8.681379831913,0,0.770325720,0.394026505,ideal no-slip/no-flight constraint result
0.5,5.67,O,O,O,O,O,event,8.708416545738,0,0.769517318,0.394421872,ideal no-slip/no-flight constraint result
0.5,5.68,O,O,O,O,O,event,8.735423276487,0,0.768709813,0.394816021,ideal no-slip/no-flight constraint result
0.5,5.69,O,O,O,O,O,event,8.762400161133,0,0.767903201,0.395211783,ideal no-slip/no-flight constraint result
0.5,5.70,O,O,O,O,O,event,8.789347335575,0,0.767097477,0.395607176,ideal no-slip/no-flight constraint result
0.5,5.71,O,O,O,O,O,event,8.816264934647,0,0.766292637,0.396003299,ideal no-slip/no-flight constraint result
0.5,5.72,O,O,O,O,O,event,8.843153092131,0,0.765488678,0.396398840,ideal no-slip/no-flight constraint result
0.5,5.73,O,O,O,O,O,event,8.870011940769,0,0.764685594,0.396794911,ideal no-slip/no-flight constraint result
0.5,5.74,O,O,O,O,O,event,8.896841612273,0,0.763883384,0.397191041,ideal no-slip/no-flight constraint result
0.5,5.75,O,O,O,O,O,event,8.923642237340,0,0.763082041,0.397587075,ideal no-slip/no-flight constraint result
0.5,5.76,O,O,O,O,O,event,8.950413945655,0,0.762281564,0.397982874,ideal no-slip/no-flight constraint result
0.5,5.77,O,O,O,O,O,event,8.977156865911,0,0.761481947,0.398379814,ideal no-slip/no-flight constraint result
0.5,5.78,O,O,O,O,O,event,9.003871125814,0,0.760683187,0.398776855,ideal no-slip/no-flight constraint result
0.5,5.79,O,O,O,O,O,event,9.030556852097,0,0.759885280,0.399174365,ideal no-slip/no-flight constraint result
0.5,5.80,O,O,O,O,O,event,9.057214170526,0,0.759088223,0.399571439,ideal no-slip/no-flight constraint result
0.5,5.81,O,O,O,O,O,event,9.083843205915,0,0.758292011,0.399968953,ideal no-slip/no-flight constraint result
0.5,5.82,O,O,O,O,O,event,9.110444082134,0,0.757496641,0.400366652,ideal no-slip/no-flight constraint result
0.5,5.83,O,O,O,O,O,event,9.137016922118,0,0.756702110,0.400764185,ideal no-slip/no-flight constraint result
0.5,5.84,O,O,O,O,O,event,9.163561847879,0,0.755908413,0.401161671,ideal no-slip/no-flight constraint result
0.5,5.85,O,O,O,O,O,event,9.190078980516,0,0.755115547,0.401560087,ideal no-slip/no-flight constraint result
0.5,5.86,O,O,O,O,O,event,9.216568440221,0,0.754323509,0.401958819,ideal no-slip/no-flight constraint result
0.5,5.87,O,O,O,O,O,event,9.243030346292,0,0.753532294,0.402357925,ideal no-slip/no-flight constraint result
0.5,5.88,O,O,O,O,O,event,9.269464817143,0,0.752741900,0.402756665,ideal no-slip/no-flight constraint result
0.5,5.89,O,O,O,O,O,event,9.295871970307,0,0.751952323,0.403155832,ideal no-slip/no-flight constraint result
0.5,5.90,O,O,O,O,O,event,9.322251922455,0,0.751163559,0.403554276,ideal no-slip/no-flight constraint result
0.5,5.91,O,O,O,O,O,event,9.348604789396,0,0.750375604,0.403954478,ideal no-slip/no-flight constraint result
0.5,5.92,O,O,O,O,O,event,9.374930686090,0,0.749588457,0.404353721,ideal no-slip/no-flight constraint result
0.5,5.93,O,O,O,O,O,event,9.401229726658,0,0.748802112,0.404753890,ideal no-slip/no-flight constraint result
0.5,5.94,O,O,O,O,O,event,9.427502024387,0,0.748016567,0.405154393,ideal no-slip/no-flight constraint result
0.5,5.95,O,O,O,O,O,event,9.453747691740,0,0.747231818,0.405555306,ideal no-slip/no-flight constraint result
0.5,5.96,O,O,O,O,O,event,9.479966840366,0,0.746447862,0.405955862,ideal no-slip/no-flight constraint result
0.5,5.97,O,O,O,O,O,event,9.506159581108,0,0.745664695,0.406356891,ideal no-slip/no-flight constraint result
0.5,5.98,O,O,O,O,O,event,9.532326024008,0,0.744882315,0.406757213,ideal no-slip/no-flight constraint result
0.5,5.99,O,O,O,O,O,event,9.558466278318,0,0.744100718,0.407159315,ideal no-slip/no-flight constraint result
0.5,6.00,O,O,O,O,O,event,9.584580452508,0,0.743319901,0.407560426,ideal no-slip/no-flight constraint result
1.0,1.00,S,S,S,S,S,rest,0.000000000000,0,1.000000000,0.202710036,within contact bounds
1.0,1.01,S,S,S,S,S,rest,0.000000000000,714,0.943139740,0.203216105,within contact bounds
1.0,1.02,S,S,S,S,S,energy outward,0.000001474463,399,0.945435681,0.203721399,within contact bounds
1.0,1.03,S,S,S,S,S,energy outward,0.000030764730,373,0.941494673,0.204225635,within contact bounds
1.0,1.04,S,S,S,S,S,energy outward,0.000097902546,26,0.944312642,0.204729080,within contact bounds
1.0,1.05,S,S,S,S,S,energy after landing,0.000953471626,15,0.941033501,0.205231540,within contact bounds
1.0,1.06,S,S,S,S,S,energy after landing,0.002324093838,10,0.944301113,0.205732926,within contact bounds
1.0,1.07,S,S,S,S,S,energy outward,0.005152309141,8,0.944980410,0.206233507,within contact bounds
1.0,1.08,S,S,S,S,S,energy outward,0.004374527527,6,0.951113835,0.206733139,within contact bounds
1.0,1.09,S,S,S,S,S,energy after landing,0.014035590835,5,0.943688648,0.207231991,within contact bounds
1.0,1.10,S,S,S,S,S,energy outward,0.002565400456,4,0.957911828,0.207729933,within contact bounds
1.0,1.11,S,S,S,S,S,energy after landing,0.020430042757,3,0.953589571,0.208227028,within contact bounds
1.0,1.12,S,S,S,S,S,energy after landing,0.032404898664,3,0.949147229,0.208723149,within contact bounds
1.0,1.13,S,S,S,S,S,energy after landing,0.036728678768,3,0.944508690,0.209218618,within contact bounds
1.0,1.14,S,S,S,S,S,energy after landing,0.028839195070,3,0.939546347,0.209713395,within contact bounds
1.0,1.15,S,S,S,S,S,energy after landing,0.001842573108,2,0.962236670,0.210207156,within contact bounds
1.0,1.16,S,S,S,S,S,energy after landing,0.023088238727,1,0.967546104,0.210700164,within contact bounds
1.0,1.17,S,S,S,S,S,energy after landing,0.044007018652,1,0.965832501,0.211192665,within contact bounds
1.0,1.18,S,S,S,S,S,energy after landing,0.064393652582,1,0.964151083,0.211684301,within contact bounds
1.0,1.19,S,S,S,S,S,energy outward,0.084280518982,1,0.962501182,0.212175150,within contact bounds
1.0,1.20,S,S,S,S,S,energy outward,0.103696031839,1,0.960882151,0.212665270,within contact bounds
1.0,1.21,S,S,S,S,S,energy outward,0.122665327845,1,0.959293369,0.213154536,within contact bounds
1.0,1.22,S,S,S,S,S,energy outward,0.141210806727,1,0.957734236,0.213643192,within contact bounds
1.0,1.23,S,S,S,S,S,energy outward,0.159352561311,1,0.956204174,0.214131287,within contact bounds
1.0,1.24,S,S,S,S,S,energy outward,0.177108723610,1,0.954702627,0.214618730,within contact bounds
1.0,1.25,S,S,S,S,S,energy outward,0.194495746138,1,0.953229058,0.215105266,within contact bounds
1.0,1.26,S,S,S,S,S,energy outward,0.211528632679,1,0.951782949,0.215591349,within contact bounds
1.0,1.27,S,S,S,S,S,energy outward,0.228221129179,1,0.950363803,0.216076671,within contact bounds
1.0,1.28,S,S,S,S,S,energy outward,0.244585882885,1,0.948971137,0.216561307,within contact bounds
1.0,1.29,S,S,S,S,S,energy outward,0.260634575968,1,0.947604489,0.217045333,within contact bounds
1.0,1.30,S,S,S,S,S,energy outward,0.276378038462,1,0.946263412,0.217528847,within contact bounds
1.0,1.31,S,S,S,S,S,energy outward,0.291826344316,1,0.944947476,0.218011527,within contact bounds
1.0,1.32,S,S,S,S,S,energy outward,0.306988893556,1,0.943656263,0.218493774,within contact bounds
1.0,1.33,S,S,S,S,S,energy outward,0.321874482952,1,0.942389376,0.218975432,within contact bounds
1.0,1.34,S,S,S,S,S,energy outward,0.336491367095,1,0.941146426,0.219456251,within contact bounds
1.0,1.35,S,S,S,S,S,energy outward,0.350847311449,1,0.939927043,0.219936512,within contact bounds
1.0,1.36,S,S,S,S,S,energy outward,0.364949638638,1,0.938730867,0.220416502,within contact bounds
1.0,1.37,S,S,S,S,S,energy outward,0.378805268993,1,0.937557552,0.220895830,within contact bounds
1.0,1.38,S,S,S,S,S,energy outward,0.392420756233,1,0.936406766,0.221374507,within contact bounds
1.0,1.39,S,S,S,S,S,energy outward,0.405802318960,1,0.935278186,0.221852542,within contact bounds
1.0,1.40,S,S,S,S,S,energy outward,0.418955868585,1,0.934171504,0.222330116,within contact bounds
1.0,1.41,S,S,S,S,S,energy outward,0.431887034150,1,0.933086420,0.222807000,within contact bounds
1.0,1.42,S,S,S,S,S,energy outward,0.444601184489,1,0.932022646,0.223283499,within contact bounds
1.0,1.43,S,S,S,S,S,energy outward,0.457103448049,1,0.930979906,0.223759264,within contact bounds
1.0,1.44,S,S,S,S,S,energy outward,0.469398730696,1,0.929957933,0.224234713,within contact bounds
1.0,1.45,S,S,S,S,S,energy outward,0.481491731741,1,0.928956469,0.224709620,within contact bounds
1.0,1.46,S,S,S,S,S,energy outward,0.493386958406,1,0.927975266,0.225183988,within contact bounds
1.0,1.47,S,S,S,S,S,energy outward,0.505088738919,1,0.927014085,0.225657820,within contact bounds
1.0,1.48,S,S,S,S,S,energy outward,0.516601234404,1,0.926072698,0.226131119,within contact bounds
1.0,1.49,S,S,S,S,S,energy outward,0.527928449685,1,0.925150882,0.226603889,within contact bounds
1.0,1.50,S,S,S,S,S,energy outward,0.539074243146,1,0.924248424,0.227076131,within contact bounds
1.0,1.51,S,S,S,S,S,energy outward,0.550042335738,1,0.923365120,0.227547849,within contact bounds
1.0,1.52,S,S,S,S,S,energy outward,0.560836319230,1,0.922500772,0.228019044,within contact bounds
1.0,1.53,S,S,S,S,S,energy outward,0.571459663776,1,0.921655190,0.228489966,within contact bounds
1.0,1.54,S,S,S,S,S,energy outward,0.581915724883,1,0.920828192,0.228960368,within contact bounds
1.0,1.55,S,S,S,S,S,energy outward,0.592207749819,1,0.920019603,0.229430241,within contact bounds
1.0,1.56,S,S,S,S,S,energy outward,0.602338883539,1,0.919229253,0.229899555,within contact bounds
1.0,1.57,S,S,S,S,S,energy outward,0.612312174161,1,0.918456982,0.230368271,within contact bounds
1.0,1.58,S,S,S,S,S,energy outward,0.622130578038,1,0.917702632,0.230836842,within contact bounds
1.0,1.59,S,S,S,S,S,energy outward,0.631796964466,1,0.916966055,0.231304985,within contact bounds
1.0,1.60,S,S,S,S,S,energy outward,0.641314120064,1,0.916247107,0.231973798,within contact bounds
1.0,1.61,S,S,S,S,S,energy outward,0.650684752845,1,0.915545651,0.232693423,within contact bounds
1.0,1.62,S,S,S,S,S,energy outward,0.659911496019,1,0.914861555,0.233377205,within contact bounds
1.0,1.63,S,S,S,S,S,energy outward,0.668996911539,1,0.914194692,0.234025572,within contact bounds
1.0,1.64,S,S,S,S,S,energy outward,0.677943493422,1,0.913544941,0.234638940,within contact bounds
1.0,1.65,S,S,S,S,S,energy outward,0.686753670858,1,0.912912185,0.235217710,within contact bounds
1.0,1.66,S,S,S,S,S,energy outward,0.695429811126,1,0.912296314,0.235762273,within contact bounds
1.0,1.67,S,S,S,S,S,energy outward,0.703974222331,1,0.911697222,0.236273008,within contact bounds
1.0,1.68,S,S,S,S,S,energy outward,0.712389155981,1,0.911114807,0.236750284,within contact bounds
1.0,1.69,S,S,S,S,S,energy outward,0.720676809415,1,0.910548972,0.237194457,within contact bounds
1.0,1.70,S,S,S,S,S,energy outward,0.728839328083,1,0.909999625,0.237605873,within contact bounds
1.0,1.71,S,S,S,S,S,energy outward,0.736878807711,1,0.909466677,0.237984868,within contact bounds
1.0,1.72,S,S,S,S,S,energy outward,0.744797296342,1,0.908950044,0.238331769,within contact bounds
1.0,1.73,S,S,S,S,S,energy outward,0.752596796259,1,0.908449646,0.238646892,within contact bounds
1.0,1.74,S,S,S,S,S,energy outward,0.760279265824,1,0.907965407,0.238930543,within contact bounds
1.0,1.75,S,S,S,S,S,energy outward,0.767846621205,1,0.907497254,0.239183020,within contact bounds
1.0,1.76,S,S,S,S,S,energy outward,0.775300738029,1,0.907045120,0.239404613,within contact bounds
1.0,1.77,S,S,S,S,S,energy outward,0.782643452942,1,0.906608939,0.239653950,within contact bounds
1.0,1.78,S,S,S,S,S,energy outward,0.789876565105,1,0.906188650,0.240114014,within contact bounds
1.0,1.79,S,S,S,S,S,energy outward,0.797001837607,1,0.905784194,0.240573303,within contact bounds
1.0,1.80,S,S,S,S,S,energy outward,0.804020998823,1,0.905395517,0.241032665,within contact bounds
1.0,1.81,S,S,S,S,S,energy outward,0.810935743702,1,0.905022567,0.241491085,within contact bounds
1.0,1.82,S,S,S,S,S,energy outward,0.817747735001,1,0.904665296,0.241949752,within contact bounds
1.0,1.83,S,S,S,S,S,energy outward,0.824458604470,1,0.904323658,0.242407322,within contact bounds
1.0,1.84,S,S,S,S,S,energy outward,0.831069953975,1,0.903997611,0.242865301,within contact bounds
1.0,1.85,S,S,S,S,S,energy outward,0.837583356586,1,0.903687115,0.243322088,within contact bounds
1.0,1.86,S,S,S,S,S,energy outward,0.844000357612,1,0.903392133,0.243779361,within contact bounds
1.0,1.87,S,S,S,S,S,energy outward,0.850322475600,1,0.903112632,0.244235462,within contact bounds
1.0,1.88,S,S,S,S,S,energy outward,0.856551203294,1,0.902848579,0.244691931,within contact bounds
1.0,1.89,S,S,S,S,S,energy outward,0.862688008553,1,0.902599945,0.245147385,within contact bounds
1.0,1.90,S,S,S,S,S,energy outward,0.868734335244,1,0.902366706,0.245602940,within contact bounds
1.0,1.91,S,S,S,S,S,energy outward,0.874691604094,1,0.902148835,0.246057696,within contact bounds
1.0,1.92,S,S,S,S,S,energy outward,0.880561213516,1,0.901946312,0.246512602,within contact bounds
1.0,1.93,S,S,S,S,S,energy outward,0.886344540405,1,0.901759117,0.246966844,within contact bounds
1.0,1.94,S,S,S,S,S,energy outward,0.892042940910,1,0.901587233,0.247420610,within contact bounds
1.0,1.95,S,S,S,S,S,energy outward,0.897657751179,1,0.901430645,0.247874439,within contact bounds
1.0,1.96,S,S,S,S,S,energy outward,0.903190288078,1,0.901289340,0.248327267,within contact bounds
1.0,1.97,S,S,S,S,S,energy outward,0.908641849896,1,0.901163308,0.248780487,within contact bounds
1.0,1.98,S,S,S,S,S,energy outward,0.914013717015,1,0.901052539,0.249232926,within contact bounds
1.0,1.99,S,S,S,S,S,energy outward,0.919307152579,1,0.900957026,0.249684989,within contact bounds
1.0,2.00,S,S,S,S,S,energy outward,0.924523403127,1,0.900876765,0.250137058,within contact bounds
1.0,2.01,S,S,S,S,S,energy outward,0.929663699220,1,0.900811753,0.250588134,within contact bounds
1.0,2.02,S,S,S,S,S,energy outward,0.934729256047,1,0.900761987,0.251039664,within contact bounds
1.0,2.03,S,S,S,S,S,energy outward,0.939721274020,1,0.900727469,0.251490392,within contact bounds
1.0,2.04,S,S,S,S,S,energy outward,0.944640939346,1,0.900708200,0.251940745,within contact bounds
1.0,2.05,S,S,S,S,S,energy outward,0.949489424599,1,0.900704185,0.252391142,within contact bounds
1.0,2.06,S,S,S,S,S,energy outward,0.954267889267,1,0.900715427,0.252840559,within contact bounds
1.0,2.07,S,S,S,S,S,energy outward,0.958977480295,1,0.900741935,0.253290384,within contact bounds
1.0,2.08,S,S,S,S,S,energy outward,0.963619332613,1,0.900783717,0.253739493,within contact bounds
1.0,2.09,S,S,S,S,S,energy outward,0.968194569661,1,0.900840782,0.254188116,within contact bounds
1.0,2.10,S,S,S,S,S,energy outward,0.972704303893,1,0.900913141,0.254636932,within contact bounds
1.0,2.11,S,S,S,S,S,energy outward,0.977149637285,1,0.901000808,0.255084781,within contact bounds
1.0,2.12,S,S,S,S,S,energy outward,0.981531661826,1,0.901103796,0.255532594,within contact bounds
1.0,2.13,S,S,S,S,S,energy outward,0.985851460008,1,0.901222121,0.255980514,within contact bounds
1.0,2.14,S,S,S,S,S,energy outward,0.990110105305,1,0.901355799,0.256427473,within contact bounds
1.0,2.15,S,S,S,S,S,energy outward,0.994308662650,1,0.901504848,0.256874498,within contact bounds
1.0,2.16,S,S,S,S,S,energy outward,0.998448188903,1,0.901669288,0.257321227,within contact bounds
1.0,2.17,O,O,O,O,O,energy outward,1.002529733316,1,0.901849137,0.257767326,within contact bounds
1.0,2.18,O,O,O,O,O,energy outward,1.006554337999,1,0.902042443,0.258213270,within contact bounds
1.0,2.19,O,O,O,O,O,energy outward,1.010523038372,1,0.902237573,0.258659145,within contact bounds
1.0,2.20,O,O,O,O,O,energy outward,1.014436863623,1,0.902433662,0.259104380,within contact bounds
1.0,2.21,O,O,O,O,O,energy outward,1.018296837159,1,0.902630735,0.259549228,within contact bounds
1.0,2.22,O,O,O,O,O,energy outward,1.022103977062,1,0.902828320,0.259994296,within contact bounds
1.0,2.23,O,O,O,O,O,energy outward,1.025859296534,1,0.903026754,0.260438670,within contact bounds
1.0,2.24,O,O,O,O,O,energy outward,1.029563804347,1,0.903226224,0.260882403,within contact bounds
1.0,2.25,O,O,O,O,O,energy outward,1.033218505296,1,0.903426135,0.261326694,within contact bounds
1.0,2.26,O,O,O,O,O,energy outward,1.036824400645,1,0.903627004,0.261770229,within contact bounds
1.0,2.27,O,O,O,O,O,energy outward,1.040382488581,1,0.903828808,0.262213002,within contact bounds
1.0,2.28,O,O,O,O,O,energy outward,1.043893764666,1,0.904031090,0.262656370,within contact bounds
1.0,2.29,O,O,O,O,O,energy outward,1.047359222293,1,0.904234496,0.263099086,within contact bounds
1.0,2.30,O,O,O,O,O,energy outward,1.050779853143,1,0.904438444,0.263541129,within contact bounds
1.0,2.31,O,O,O,O,O,energy outward,1.054156647649,1,0.904643297,0.263983351,within contact bounds
1.0,2.32,O,O,O,O,O,energy outward,1.057490595460,1,0.904849024,0.264425267,within contact bounds
1.0,2.33,O,O,O,O,O,energy outward,1.060782685911,1,0.905055378,0.264866611,within contact bounds
1.0,2.34,O,O,O,O,O,energy outward,1.064033908501,1,0.905262809,0.265307542,within contact bounds
1.0,2.35,O,O,O,O,O,energy outward,1.067245253376,1,0.905470692,0.265748794,within contact bounds
1.0,2.36,O,O,O,O,O,energy outward,1.070417711814,1,0.905679789,0.266189521,within contact bounds
1.0,2.37,O,O,O,O,O,energy outward,1.073552276726,1,0.905889233,0.266629636,within contact bounds
1.0,2.38,O,O,O,O,O,energy outward,1.076649943155,1,0.906099900,0.267069685,within contact bounds
1.0,2.39,O,O,O,O,O,energy outward,1.079711708796,1,0.906310997,0.267509657,within contact bounds
1.0,2.40,O,O,O,O,O,energy outward,1.082738574513,1,0.906523281,0.267949143,within contact bounds
1.0,2.41,O,O,O,O,O,energy outward,1.085731544878,1,0.906735991,0.268388168,within contact bounds
1.0,2.42,O,O,O,O,O,energy outward,1.088691628708,1,0.906949921,0.268827188,within contact bounds
1.0,2.43,O,O,O,O,O,energy outward,1.091619839634,1,0.907164223,0.269266031,within contact bounds
1.0,2.44,O,O,O,O,O,energy outward,1.094517196658,1,0.907379777,0.269704382,within contact bounds
1.0,2.45,O,O,O,O,O,energy outward,1.097384724747,1,0.907595707,0.270142298,within contact bounds
1.0,2.46,O,O,O,O,O,energy outward,1.100223455428,1,0.907812805,0.270580255,within contact bounds
1.0,2.47,O,O,O,O,O,energy outward,1.103034427404,1,0.908030459,0.271018003,within contact bounds
1.0,2.48,O,O,O,O,O,energy outward,1.105818687189,1,0.908249085,0.271455270,within contact bounds
1.0,2.49,O,O,O,O,O,energy outward,1.108577289753,1,0.908468495,0.271892115,within contact bounds
1.0,2.50,O,O,O,O,O,energy outward,1.111311299200,1,0.908688635,0.272328962,within contact bounds
1.0,2.51,O,O,O,O,O,energy outward,1.114021789454,1,0.908909832,0.272765649,within contact bounds
1.0,2.52,O,O,O,O,O,energy outward,1.116709844976,1,0.909131476,0.273201887,within contact bounds
1.0,2.53,O,O,O,O,O,energy outward,1.119376561498,1,0.909354293,0.273637694,within contact bounds
1.0,2.54,O,O,O,O,O,energy outward,1.122023046788,1,0.909577626,0.274073379,within contact bounds
1.0,2.55,O,O,O,O,O,energy outward,1.124650421438,1,0.909801958,0.274509037,within contact bounds
1.0,2.56,O,O,O,O,O,energy outward,1.127259819684,1,0.910027178,0.274944335,within contact bounds
1.0,2.57,O,O,O,O,O,energy outward,1.129852390250,1,0.910252948,0.275379104,within contact bounds
1.0,2.58,O,O,O,O,O,energy outward,1.132429297229,1,0.910479857,0.275813552,within contact bounds
1.0,2.59,O,O,O,O,O,energy outward,1.134991720999,1,0.910707282,0.276248225,within contact bounds
1.0,2.60,O,O,O,O,O,energy outward,1.137540859172,1,0.910935695,0.276682536,within contact bounds
1.0,2.61,O,O,O,O,O,energy outward,1.140077927583,1,0.911164974,0.277116402,within contact bounds
1.0,2.62,O,O,O,O,O,energy outward,1.142604161321,1,0.911394894,0.277549889,within contact bounds
1.0,2.63,O,O,O,O,O,energy outward,1.145120815800,1,0.911625948,0.277983256,within contact bounds
1.0,2.64,O,O,O,O,O,energy outward,1.147629167884,1,0.911857466,0.278416612,within contact bounds
1.0,2.65,O,O,O,O,O,energy outward,1.150130517051,1,0.912089972,0.278849631,within contact bounds
1.0,2.66,O,O,O,O,O,energy outward,1.152626186618,1,0.912323420,0.279282190,within contact bounds
1.0,2.67,O,O,O,O,O,energy outward,1.155117525017,1,0.912557390,0.279714417,within contact bounds
1.0,2.68,O,O,O,O,O,energy after landing,1.307886375494,0,0.912792361,0.280146664,within contact bounds
1.0,2.69,O,O,O,O,O,energy after landing,1.310686064394,0,0.913028205,0.280578771,within contact bounds
1.0,2.70,O,O,O,O,O,energy after landing,1.313467913897,0,0.913264909,0.281010497,within contact bounds
1.0,2.71,O,O,O,O,O,energy after landing,1.316231912272,0,0.913502374,0.281441844,within contact bounds
1.0,2.72,O,O,O,O,O,energy after landing,1.318978047809,0,0.913740470,0.281872518,within contact bounds
1.0,2.73,O,O,O,O,O,energy after landing,1.321706308824,0,0.913979524,0.282303795,within contact bounds
1.0,2.74,O,O,O,O,O,energy after landing,1.324416683656,0,0.914219435,0.282734700,within contact bounds
1.0,2.75,O,O,O,O,O,energy after landing,1.327109160671,0,0.914460199,0.283165238,within contact bounds
1.0,2.76,O,O,O,O,O,energy after landing,1.329783728258,0,0.914701815,0.283595410,within contact bounds
1.0,2.77,O,O,O,O,O,energy after landing,1.332440374833,0,0.914944288,0.284024811,within contact bounds
1.0,2.78,O,O,O,O,O,energy after landing,1.335079088839,0,0.915187414,0.284454837,within contact bounds
1.0,2.79,O,O,O,O,O,energy after landing,1.337699858746,0,0.915431391,0.284884589,within contact bounds
1.0,2.80,O,O,O,O,O,energy after landing,1.340302673049,0,0.915676218,0.285313986,within contact bounds
1.0,2.81,O,O,O,O,O,energy after landing,1.342887520272,0,0.915921911,0.285742845,within contact bounds
1.0,2.82,O,O,O,O,O,energy after landing,1.345454388968,0,0.916168459,0.286171381,within contact bounds
1.0,2.83,O,O,O,O,O,energy after landing,1.348003267716,0,0.916415851,0.286599890,within contact bounds
1.0,2.84,O,O,O,O,O,energy after landing,1.350534145125,0,0.916664084,0.287028533,within contact bounds
1.0,2.85,O,O,O,O,O,energy after landing,1.353047009834,0,0.916913088,0.287456832,within contact bounds
1.0,2.86,O,O,O,O,O,energy after landing,1.355541850510,0,0.917162750,0.287884702,within contact bounds
1.0,2.87,O,O,O,O,O,energy after landing,1.358018655849,0,0.917413355,0.288312165,within contact bounds
1.0,2.88,O,O,O,O,O,energy after landing,1.360477414580,0,0.917664801,0.288739291,within contact bounds
1.0,2.89,O,O,O,O,O,energy after landing,1.362918115459,0,0.917917086,0.289166613,within contact bounds
1.0,2.90,O,O,O,O,O,energy after landing,1.365340747275,0,0.918170208,0.289593854,within contact bounds
1.0,2.91,O,O,O,O,O,energy after landing,1.367745298848,0,0.918424230,0.290020805,within contact bounds
1.0,2.92,O,O,O,O,O,energy after landing,1.370131759028,0,0.918679042,0.290447235,within contact bounds
1.0,2.93,O,O,O,O,O,energy after landing,1.372500116698,0,0.918934686,0.290873337,within contact bounds
1.0,2.94,O,O,O,O,O,energy after landing,1.374850360771,0,0.919191086,0.291299115,within contact bounds
1.0,2.95,O,O,O,O,O,energy after landing,1.377182480195,0,0.919448267,0.291725117,within contact bounds
1.0,2.96,O,O,O,O,O,energy after landing,1.379496463947,0,0.919706216,0.292151216,within contact bounds
1.0,2.97,O,O,O,O,O,energy after landing,1.381792301040,0,0.919965079,0.292576647,within contact bounds
1.0,2.98,O,O,O,O,O,energy after landing,1.384069980518,0,0.920224771,0.293001762,within contact bounds
1.0,2.99,O,O,O,O,O,energy after landing,1.386329491458,0,0.920485292,0.293426560,within contact bounds
1.0,3.00,O,O,O,O,O,energy after landing,1.388570822971,0,0.920746640,0.293851045,within contact bounds
1.0,3.01,O,O,O,O,O,energy after landing,1.390793964203,0,0.921008853,0.294275986,within contact bounds
1.0,3.02,O,O,O,O,O,energy after landing,1.392998904332,0,0.921271863,0.294700452,within contact bounds
1.0,3.03,O,O,O,O,O,energy after landing,1.395185632571,0,0.921535696,0.295124610,within contact bounds
1.0,3.04,O,O,O,O,O,energy after landing,1.397354138166,0,0.921800350,0.295548462,within contact bounds
1.0,3.05,O,O,O,O,O,energy after landing,1.399504410400,0,0.922065825,0.295972009,within contact bounds
1.0,3.06,O,O,O,O,O,energy after landing,1.401636438589,0,0.922332128,0.296395157,within contact bounds
1.0,3.07,O,O,O,O,O,energy after landing,1.403750212085,0,0.922599191,0.296818689,within contact bounds
1.0,3.08,O,O,O,O,O,energy after landing,1.405845720273,0,0.922867076,0.297241921,within contact bounds
1.0,3.09,O,O,O,O,O,energy after landing,1.407922952576,0,0.923135781,0.297664856,within contact bounds
1.0,3.10,O,O,O,O,O,energy after landing,1.409981898451,0,0.923405304,0.298087494,within contact bounds
1.0,3.11,O,O,O,O,O,energy after landing,1.412022547392,0,0.923675646,0.298509838,within contact bounds
1.0,3.12,O,O,O,O,O,energy after landing,1.414044888928,0,0.923946749,0.298931415,within contact bounds
1.0,3.13,O,O,O,O,O,energy after landing,1.416048912624,0,0.924218726,0.299353725,within contact bounds
1.0,3.14,O,O,O,O,O,energy after landing,1.418034608081,0,0.924491516,0.299775770,within contact bounds
1.0,3.15,O,O,O,O,O,energy after landing,1.420001964937,0,0.924765119,0.300197527,ideal no-slip/no-flight constraint result
1.0,3.16,O,O,O,O,O,energy after landing,1.421950972868,0,0.925039532,0.300618997,ideal no-slip/no-flight constraint result
1.0,3.17,O,O,O,O,O,energy after landing,1.423881621583,0,0.925314757,0.301040183,ideal no-slip/no-flight constraint result
1.0,3.18,O,O,O,O,O,energy after landing,1.425793900832,0,0.925590773,0.301460732,ideal no-slip/no-flight constraint result
1.0,3.19,O,O,O,O,O,energy after landing,1.427687800400,0,0.925867613,0.301881227,ideal no-slip/no-flight constraint result
1.0,3.20,O,O,O,O,O,energy after landing,1.429563310109,0,0.926145258,0.302302129,ideal no-slip/no-flight constraint result
1.0,3.21,O,O,O,O,O,energy after landing,1.431420419819,0,0.926423709,0.302722751,ideal no-slip/no-flight constraint result
1.0,3.22,O,O,O,O,O,energy after landing,1.433259119428,0,0.926702964,0.303143097,ideal no-slip/no-flight constraint result
1.0,3.23,O,O,O,O,O,energy after landing,1.435079398870,0,0.926983021,0.303563166,ideal no-slip/no-flight constraint result
1.0,3.24,O,O,O,O,O,energy after landing,1.436881248119,0,0.927263873,0.303982763,ideal no-slip/no-flight constraint result
1.0,3.25,O,O,O,O,O,energy after landing,1.438664657185,0,0.927545527,0.304402147,ideal no-slip/no-flight constraint result
1.0,3.26,O,O,O,O,O,energy after landing,1.440429616118,0,0.927827980,0.304821260,ideal no-slip/no-flight constraint result
1.0,3.27,O,O,O,O,O,energy after landing,1.442176115003,0,0.928111231,0.305240644,ideal no-slip/no-flight constraint result
1.0,3.28,O,O,O,O,O,energy after landing,1.443904143968,0,0.928085531,0.305659903,ideal no-slip/no-flight constraint result
1.0,3.29,O,O,O,O,O,energy after landing,1.445613693176,0,0.928035434,0.306078895,ideal no-slip/no-flight constraint result
1.0,3.30,O,O,O,O,O,energy after landing,1.447304752828,0,0.927985879,0.306497613,ideal no-slip/no-flight constraint result
1.0,3.31,O,O,O,O,O,energy after landing,1.448977313167,0,0.927936866,0.306915939,ideal no-slip/no-flight constraint result
1.0,3.32,O,O,O,O,O,energy after landing,1.450631364473,0,0.927888395,0.307334002,ideal no-slip/no-flight constraint result
1.0,3.33,O,O,O,O,O,energy after landing,1.452266897064,0,0.927840467,0.307751803,ideal no-slip/no-flight constraint result
1.0,3.34,O,O,O,O,O,energy after landing,1.453883901298,0,0.927793083,0.308169518,ideal no-slip/no-flight constraint result
1.0,3.35,O,O,O,O,O,energy after landing,1.455482367574,0,0.927746241,0.308587470,ideal no-slip/no-flight constraint result
1.0,3.36,O,O,O,O,O,energy after landing,1.457062286326,0,0.927699943,0.309005164,ideal no-slip/no-flight constraint result
1.0,3.37,O,O,O,O,O,energy after landing,1.458623648031,0,0.927654188,0.309422683,ideal no-slip/no-flight constraint result
1.0,3.38,O,O,O,O,O,energy after landing,1.460166443205,0,0.927608978,0.309839731,ideal no-slip/no-flight constraint result
1.0,3.39,O,O,O,O,O,energy after landing,1.461690662402,0,0.927564312,0.310256526,ideal no-slip/no-flight constraint result
1.0,3.40,O,O,O,O,O,energy after landing,1.463196296218,0,0.927520191,0.310673067,ideal no-slip/no-flight constraint result
1.0,3.41,O,O,O,O,O,energy after landing,1.464683335285,0,0.927476615,0.311089356,ideal no-slip/no-flight constraint result
1.0,3.42,O,O,O,O,O,energy after landing,1.466151770280,0,0.927433583,0.311505676,ideal no-slip/no-flight constraint result
1.0,3.43,O,O,O,O,O,energy after landing,1.467601591917,0,0.927391098,0.311922123,ideal no-slip/no-flight constraint result
1.0,3.44,O,O,O,O,O,energy after landing,1.469032790949,0,0.927349158,0.312338531,ideal no-slip/no-flight constraint result
1.0,3.45,O,O,O,O,O,energy after landing,1.470445358172,0,0.927307764,0.312754352,ideal no-slip/no-flight constraint result
1.0,3.46,O,O,O,O,O,energy after landing,1.471839284421,0,0.927266916,0.313169928,ideal no-slip/no-flight constraint result
1.0,3.47,O,O,O,O,O,energy after landing,1.473214560571,0,0.927226615,0.313585259,ideal no-slip/no-flight constraint result
1.0,3.48,O,O,O,O,O,energy after landing,1.474571177539,0,0.927186860,0.314000346,ideal no-slip/no-flight constraint result
1.0,3.49,O,O,O,O,O,energy after landing,1.475909126280,0,0.927147653,0.314415191,ideal no-slip/no-flight constraint result
1.0,3.50,O,O,O,O,O,energy after landing,1.477228397791,0,0.927108993,0.314829976,ideal no-slip/no-flight constraint result
1.0,3.51,O,O,O,O,O,energy after landing,1.478528983111,0,0.927070880,0.315245358,ideal no-slip/no-flight constraint result
1.0,3.52,O,O,O,O,O,energy after landing,1.479810873319,0,0.927033315,0.315659999,ideal no-slip/no-flight constraint result
1.0,3.53,O,O,O,O,O,energy after landing,1.481074059534,0,0.926996299,0.316074403,ideal no-slip/no-flight constraint result
1.0,3.54,O,O,O,O,O,energy after landing,1.482318532916,0,0.926959831,0.316488569,ideal no-slip/no-flight constraint result
1.0,3.55,O,O,O,O,O,energy after landing,1.483544284668,0,0.926923911,0.316902501,ideal no-slip/no-flight constraint result
1.0,3.56,O,O,O,O,O,energy after landing,1.484751306032,0,0.926888540,0.317316197,ideal no-slip/no-flight constraint result
1.0,3.57,O,O,O,O,O,energy after landing,1.485939588292,0,0.926853719,0.317729661,ideal no-slip/no-flight constraint result
1.0,3.58,O,O,O,O,O,energy after landing,1.487109122775,0,0.926819447,0.318142891,ideal no-slip/no-flight constraint result
1.0,3.59,O,O,O,O,O,energy after landing,1.488259900846,0,0.926785724,0.318556856,ideal no-slip/no-flight constraint result
1.0,3.60,O,O,O,O,O,energy after landing,1.489391913915,0,0.926752552,0.318970132,ideal no-slip/no-flight constraint result
1.0,3.61,O,O,O,O,O,energy after landing,1.490505153431,0,0.926719929,0.319383179,ideal no-slip/no-flight constraint result
1.0,3.62,O,O,O,O,O,energy after landing,1.491599610886,0,0.926687857,0.319795998,ideal no-slip/no-flight constraint result
1.0,3.63,O,O,O,O,O,energy after landing,1.492675277813,0,0.926656335,0.320208590,ideal no-slip/no-flight constraint result
1.0,3.64,O,O,O,O,O,energy after landing,1.493732145787,0,0.926625365,0.320620955,ideal no-slip/no-flight constraint result
1.0,3.65,O,O,O,O,O,energy after landing,1.494770206426,0,0.926594945,0.321033096,ideal no-slip/no-flight constraint result
1.0,3.66,O,O,O,O,O,energy after landing,1.495789451388,0,0.926565077,0.321445013,ideal no-slip/no-flight constraint result
1.0,3.67,O,O,O,O,O,energy after landing,1.496789872374,0,0.926535761,0.321857289,ideal no-slip/no-flight constraint result
1.0,3.68,O,O,O,O,O,energy after landing,1.497771461128,0,0.926506996,0.322269258,ideal no-slip/no-flight constraint result
1.0,3.69,O,O,O,O,O,energy after landing,1.498734209434,0,0.926478784,0.322681006,ideal no-slip/no-flight constraint result
1.0,3.70,O,O,O,O,O,energy after landing,1.499678109119,0,0.926451124,0.323092534,ideal no-slip/no-flight constraint result
1.0,3.71,O,O,O,O,O,energy after landing,1.500603152054,0,0.926424016,0.323503843,ideal no-slip/no-flight constraint result
1.0,3.72,O,O,O,O,O,energy after landing,1.501509330151,0,0.926397461,0.323914935,ideal no-slip/no-flight constraint result
1.0,3.73,O,O,O,O,O,energy after landing,1.502396635364,0,0.926371460,0.324325809,ideal no-slip/no-flight constraint result
1.0,3.74,O,O,O,O,O,energy after landing,1.503265059690,0,0.926346011,0.324736468,ideal no-slip/no-flight constraint result
1.0,3.75,O,O,O,O,O,energy after landing,1.504114595168,0,0.926321116,0.325146967,ideal no-slip/no-flight constraint result
1.0,3.76,O,O,O,O,O,energy after landing,1.504945233882,0,0.926296775,0.325557685,ideal no-slip/no-flight constraint result
1.0,3.77,O,O,O,O,O,energy after landing,1.505756967955,0,0.926272988,0.325968189,ideal no-slip/no-flight constraint result
1.0,3.78,O,O,O,O,O,energy after landing,1.506549789556,0,0.926249755,0.326378481,ideal no-slip/no-flight constraint result
1.0,3.79,O,O,O,O,O,energy after landing,1.507323690895,0,0.926227077,0.326788563,ideal no-slip/no-flight constraint result
1.0,3.80,O,O,O,O,O,energy after landing,1.508078664226,0,0.926204953,0.327198434,ideal no-slip/no-flight constraint result
1.0,3.81,O,O,O,O,O,energy after landing,1.508814701844,0,0.926183384,0.327608095,ideal no-slip/no-flight constraint result
1.0,3.82,O,O,O,O,O,energy after landing,1.509531796089,0,0.926162370,0.328017549,ideal no-slip/no-flight constraint result
1.0,3.83,O,O,O,O,O,energy after landing,1.510229939345,0,0.926141911,0.328426794,ideal no-slip/no-flight constraint result
1.0,3.84,O,O,O,O,O,energy after landing,1.510909124036,0,0.926122009,0.328835709,ideal no-slip/no-flight constraint result
1.0,3.85,O,O,O,O,O,energy after landing,1.511569342631,0,0.926102661,0.329245022,ideal no-slip/no-flight constraint result
1.0,3.86,O,O,O,O,O,energy after landing,1.512210587644,0,0.926083870,0.329654131,ideal no-slip/no-flight constraint result
1.0,3.87,O,O,O,O,O,energy after landing,1.512832851628,0,0.926065635,0.330063036,ideal no-slip/no-flight constraint result
1.0,3.88,O,O,O,O,O,energy after landing,1.513436127183,0,0.926047957,0.330471738,ideal no-slip/no-flight constraint result
1.0,3.89,O,O,O,O,O,energy after landing,1.514020406952,0,0.926030835,0.330880239,ideal no-slip/no-flight constraint result
1.0,3.90,O,O,O,O,O,energy after landing,1.514585683621,0,0.926014270,0.331288538,ideal no-slip/no-flight constraint result
1.0,3.91,O,O,O,O,O,energy after landing,1.515131949918,0,0.925998262,0.331696636,ideal no-slip/no-flight constraint result
1.0,3.92,O,O,O,O,O,energy after landing,1.515659198618,0,0.925982812,0.332104536,ideal no-slip/no-flight constraint result
1.0,3.93,O,O,O,O,O,energy after landing,1.516167422537,0,0.925967919,0.332511788,ideal no-slip/no-flight constraint result
1.0,3.94,O,O,O,O,O,energy after landing,1.516656614535,0,0.925953583,0.332919763,ideal no-slip/no-flight constraint result
1.0,3.95,O,O,O,O,O,energy after landing,1.517126767519,0,0.925939806,0.333327542,ideal no-slip/no-flight constraint result
1.0,3.96,O,O,O,O,O,energy after landing,1.517577874435,0,0.925926587,0.333735126,ideal no-slip/no-flight constraint result
1.0,3.97,O,O,O,O,O,energy after landing,1.518009928276,0,0.925913926,0.334142514,ideal no-slip/no-flight constraint result
1.0,3.98,O,O,O,O,O,energy after landing,1.518422922079,0,0.925901823,0.334549708,ideal no-slip/no-flight constraint result
1.0,3.99,O,O,O,O,O,energy after landing,1.518816848924,0,0.925890280,0.334956708,ideal no-slip/no-flight constraint result
1.0,4.00,O,O,O,O,O,energy after landing,1.519191701935,0,0.925879295,0.335363516,ideal no-slip/no-flight constraint result
1.0,4.01,O,O,O,O,O,energy after landing,1.519547474283,0,0.925868869,0.335770132,ideal no-slip/no-flight constraint result
1.0,4.02,O,O,O,O,O,energy after landing,1.519884159179,0,0.925859003,0.336176557,ideal no-slip/no-flight constraint result
1.0,4.03,O,O,O,O,O,energy after landing,1.520201749881,0,0.925849696,0.336582352,ideal no-slip/no-flight constraint result
1.0,4.04,O,O,O,O,O,energy after landing,1.520500239691,0,0.925840949,0.336988865,ideal no-slip/no-flight constraint result
1.0,4.05,O,O,O,O,O,energy after landing,1.520779621955,0,0.925832762,0.337395189,ideal no-slip/no-flight constraint result
1.0,4.06,O,O,O,O,O,energy after landing,1.521039890064,0,0.925825135,0.337801325,ideal no-slip/no-flight constraint result
1.0,4.07,O,O,O,O,O,energy after landing,1.521281037453,0,0.925818069,0.338207275,ideal no-slip/no-flight constraint result
1.0,4.08,O,O,O,O,O,energy after landing,1.521503057601,0,0.925811563,0.338613039,ideal no-slip/no-flight constraint result
1.0,4.09,O,O,O,O,O,energy after landing,1.521705944035,0,0.925805617,0.339018617,ideal no-slip/no-flight constraint result
1.0,4.10,O,O,O,O,O,energy after landing,1.521889690321,0,0.925800233,0.339424011,ideal no-slip/no-flight constraint result
1.0,4.11,O,O,O,O,O,energy after landing,1.522054290076,0,0.925795409,0.339829222,ideal no-slip/no-flight constraint result
1.0,4.12,O,O,O,O,O,energy after landing,1.522199736957,0,0.925791147,0.340234249,ideal no-slip/no-flight constraint result
1.0,4.13,O,O,O,O,O,energy after landing,1.522326024668,0,0.925787446,0.340638527,ideal no-slip/no-flight constraint result
1.0,4.14,O,O,O,O,O,energy after landing,1.522433146959,0,0.925784307,0.341043652,ideal no-slip/no-flight constraint result
1.0,4.15,O,O,O,O,O,energy after landing,1.522521097622,0,0.925781730,0.341448597,ideal no-slip/no-flight constraint result
1.0,4.16,O,O,O,O,O,energy after landing,1.522589870498,0,0.925779715,0.341853363,ideal no-slip/no-flight constraint result
1.0,4.17,O,O,O,O,O,energy after landing,1.522639459469,0,0.925778261,0.342257950,ideal no-slip/no-flight constraint result
1.0,4.18,O,O,O,O,O,energy after landing,1.522669858465,0,0.925777371,0.342662358,ideal no-slip/no-flight constraint result
1.0,4.19,O,O,O,O,O,energy after landing,1.522681061460,0,0.925777042,0.343066590,ideal no-slip/no-flight constraint result
1.0,4.20,O,O,O,O,O,energy after landing,1.522673062474,0,0.925777277,0.343470644,ideal no-slip/no-flight constraint result
1.0,4.21,O,O,O,O,O,energy after landing,1.522645855573,0,0.925778074,0.343874523,ideal no-slip/no-flight constraint result
1.0,4.22,O,O,O,O,O,energy after landing,1.522599434866,0,0.925779434,0.344278226,ideal no-slip/no-flight constraint result
1.0,4.23,O,O,O,O,O,energy after landing,1.522533794510,0,0.925781358,0.344681165,ideal no-slip/no-flight constraint result
1.0,4.24,O,O,O,O,O,energy after landing,1.522448928706,0,0.925783845,0.345084747,ideal no-slip/no-flight constraint result
1.0,4.25,O,O,O,O,O,energy after landing,1.522344831702,0,0.925786895,0.345488387,ideal no-slip/no-flight constraint result
1.0,4.26,O,O,O,O,O,energy after landing,1.522221497791,0,0.925790509,0.345891855,ideal no-slip/no-flight constraint result
1.0,4.27,O,O,O,O,O,energy after landing,1.522078921310,0,0.925794687,0.346295152,ideal no-slip/no-flight constraint result
1.0,4.28,O,O,O,O,O,energy after landing,1.521917096644,0,0.925799430,0.346698278,ideal no-slip/no-flight constraint result
1.0,4.29,O,O,O,O,O,energy after landing,1.521736018224,0,0.925804736,0.347101234,ideal no-slip/no-flight constraint result
1.0,4.30,O,O,O,O,O,energy after landing,1.521535680525,0,0.925810607,0.347504021,ideal no-slip/no-flight constraint result
1.0,4.31,O,O,O,O,O,energy after landing,1.521316078070,0,0.925817042,0.347906639,ideal no-slip/no-flight constraint result
1.0,4.32,O,O,O,O,O,energy after landing,1.521077205426,0,0.925824042,0.348309090,ideal no-slip/no-flight constraint result
1.0,4.33,O,O,O,O,O,energy after landing,1.520819057208,0,0.925831607,0.348711373,ideal no-slip/no-flight constraint result
1.0,4.34,O,O,O,O,O,energy after landing,1.520541628075,0,0.925839737,0.349113490,ideal no-slip/no-flight constraint result
1.0,4.35,O,O,O,O,O,energy after landing,1.520244912735,0,0.925848431,0.349515163,ideal no-slip/no-flight constraint result
1.0,4.36,O,O,O,O,O,energy after landing,1.519928905940,0,0.925857692,0.349917404,ideal no-slip/no-flight constraint result
1.0,4.37,O,O,O,O,O,energy after landing,1.519593602489,0,0.925867518,0.350319481,ideal no-slip/no-flight constraint result
1.0,4.38,O,O,O,O,O,energy after landing,1.519238997227,0,0.925877909,0.350721395,ideal no-slip/no-flight constraint result
1.0,4.39,O,O,O,O,O,energy after landing,1.518865085047,0,0.925888866,0.351123146,ideal no-slip/no-flight constraint result
1.0,4.40,O,O,O,O,O,energy after landing,1.518471860886,0,0.925900389,0.351524736,ideal no-slip/no-flight constraint result
1.0,4.41,O,O,O,O,O,energy after landing,1.518059319729,0,0.925912478,0.351926164,ideal no-slip/no-flight constraint result
1.0,4.42,O,O,O,O,O,energy after landing,1.517627456607,0,0.925925134,0.352327431,ideal no-slip/no-flight constraint result
1.0,4.43,O,O,O,O,O,energy after landing,1.517176266600,0,0.925938355,0.352728538,ideal no-slip/no-flight constraint result
1.0,4.44,O,O,O,O,O,energy after landing,1.516705744831,0,0.925952144,0.353129486,ideal no-slip/no-flight constraint result
1.0,4.45,O,O,O,O,O,energy after landing,1.516215886473,0,0.925871634,0.353530275,ideal no-slip/no-flight constraint result
1.0,4.46,O,O,O,O,O,energy after landing,1.515706686743,0,0.925627665,0.353930604,ideal no-slip/no-flight constraint result
1.0,4.47,O,O,O,O,O,energy after landing,1.515178140907,0,0.925382289,0.354331531,ideal no-slip/no-flight constraint result
1.0,4.48,O,O,O,O,O,energy after landing,1.514630244278,0,0.925134209,0.354732302,ideal no-slip/no-flight constraint result
1.0,4.49,O,O,O,O,O,energy after landing,1.514062992215,0,0.924884946,0.355132917,ideal no-slip/no-flight constraint result
1.0,4.50,O,O,O,O,O,energy after landing,1.513476380125,0,0.924633283,0.355533377,ideal no-slip/no-flight constraint result
1.0,4.51,O,O,O,O,O,energy after landing,1.512870403460,0,0.924379695,0.355933683,ideal no-slip/no-flight constraint result
1.0,4.52,O,O,O,O,O,energy after landing,1.512245057723,0,0.924124917,0.356333835,ideal no-slip/no-flight constraint result
1.0,4.53,O,O,O,O,O,energy after landing,1.511600338460,0,0.923867082,0.356733834,ideal no-slip/no-flight constraint result
1.0,4.54,O,O,O,O,O,energy after landing,1.510936241269,0,0.923607968,0.357133680,ideal no-slip/no-flight constraint result
1.0,4.55,O,O,O,O,O,energy after landing,1.510252761790,0,0.923347220,0.357533374,ideal no-slip/no-flight constraint result
1.0,4.56,O,O,O,O,O,energy after landing,1.509549895716,0,0.923083770,0.357932917,ideal no-slip/no-flight constraint result
1.0,4.57,O,O,O,O,O,energy after landing,1.508827638784,0,0.922819114,0.358332309,ideal no-slip/no-flight constraint result
1.0,4.58,O,O,O,O,O,energy after landing,1.508085986778,0,0.922552440,0.358731551,ideal no-slip/no-flight constraint result
1.0,4.59,O,O,O,O,O,energy after landing,1.507324935534,0,0.922284014,0.359131133,ideal no-slip/no-flight constraint result
1.0,4.60,O,O,O,O,O,energy after landing,1.506544480930,0,0.922013004,0.359530531,ideal no-slip/no-flight constraint result
1.0,4.61,O,O,O,O,O,energy after landing,1.505744618897,0,0.921740537,0.359929781,ideal no-slip/no-flight constraint result
1.0,4.62,O,O,O,O,O,energy after landing,1.504925345410,0,0.921466852,0.360328885,ideal no-slip/no-flight constraint result
1.0,4.63,O,O,O,O,O,energy after landing,1.504086656493,0,0.921190110,0.360727842,ideal no-slip/no-flight constraint result
1.0,4.64,O,O,O,O,O,energy after landing,1.503228548220,0,0.920912069,0.361126653,ideal no-slip/no-flight constraint result
1.0,4.65,O,O,O,O,O,energy after landing,1.502351016711,0,0.920632804,0.361525319,ideal no-slip/no-flight constraint result
1.0,4.66,O,O,O,O,O,energy after landing,1.501454058134,0,0.920350463,0.361923840,ideal no-slip/no-flight constraint result
1.0,4.67,O,O,O,O,O,energy after landing,1.500537668705,0,0.920066835,0.362322217,ideal no-slip/no-flight constraint result
1.0,4.68,O,O,O,O,O,energy after landing,1.499601844690,0,0.919781976,0.362720451,ideal no-slip/no-flight constraint result
1.0,4.69,O,O,O,O,O,energy after landing,1.498646582402,0,0.919494175,0.363118541,ideal no-slip/no-flight constraint result
1.0,4.70,O,O,O,O,O,energy after landing,1.497671878203,0,0.919204948,0.363516489,ideal no-slip/no-flight constraint result
1.0,4.71,O,O,O,O,O,energy after landing,1.496677728502,0,0.918914482,0.363914354,ideal no-slip/no-flight constraint result
1.0,4.72,O,O,O,O,O,energy after landing,1.495664129758,0,0.918621267,0.364313163,ideal no-slip/no-flight constraint result
1.0,4.73,O,O,O,O,O,energy after landing,1.494631078477,0,0.918327259,0.364711144,ideal no-slip/no-flight constraint result
1.0,4.74,O,O,O,O,O,energy after landing,1.493578571217,0,0.918030170,0.365108986,ideal no-slip/no-flight constraint result
1.0,4.75,O,O,O,O,O,energy after landing,1.492506604580,0,0.917731830,0.365506689,ideal no-slip/no-flight constraint result
1.0,4.76,O,O,O,O,O,energy after landing,1.491415175220,0,0.917432240,0.365904254,ideal no-slip/no-flight constraint result
1.0,4.77,O,O,O,O,O,energy after landing,1.490304279839,0,0.917130014,0.366301681,ideal no-slip/no-flight constraint result
1.0,4.78,O,O,O,O,O,energy after landing,1.489173915188,0,0.916826047,0.366698972,ideal no-slip/no-flight constraint result
1.0,4.79,O,O,O,O,O,energy after landing,1.488024078066,0,0.916520823,0.367096125,ideal no-slip/no-flight constraint result
1.0,4.80,O,O,O,O,O,energy after landing,1.486854765323,0,0.916213656,0.367493143,ideal no-slip/no-flight constraint result
1.0,4.81,O,O,O,O,O,energy after landing,1.485665973855,0,0.915904052,0.367890025,ideal no-slip/no-flight constraint result
1.0,4.82,O,O,O,O,O,energy after landing,1.484457700611,0,0.915593184,0.368286773,ideal no-slip/no-flight constraint result
1.0,4.83,O,O,O,O,O,energy after landing,1.483229942586,0,0.915281051,0.368683675,ideal no-slip/no-flight constraint result
1.0,4.84,O,O,O,O,O,energy after landing,1.481982696826,0,0.914965984,0.369080734,ideal no-slip/no-flight constraint result
1.0,4.85,O,O,O,O,O,energy after landing,1.480715960426,0,0.914649464,0.369477661,ideal no-slip/no-flight constraint result
1.0,4.86,O,O,O,O,O,energy after landing,1.479429730531,0,0.914331495,0.369874744,ideal no-slip/no-flight constraint result
1.0,4.87,O,O,O,O,O,energy after landing,1.478124004333,0,0.914011450,0.370271286,ideal no-slip/no-flight constraint result
1.0,4.88,O,O,O,O,O,energy after landing,1.476798779077,0,0.913690131,0.370667697,ideal no-slip/no-flight constraint result
1.0,4.89,O,O,O,O,O,energy after landing,1.475454052055,0,0.913366798,0.371063978,ideal no-slip/no-flight constraint result
1.0,4.90,O,O,O,O,O,energy after landing,1.474089820611,0,0.913041091,0.371460130,ideal no-slip/no-flight constraint result
1.0,4.91,O,O,O,O,O,energy after landing,1.472706082137,0,0.912714101,0.371856153,ideal no-slip/no-flight constraint result
1.0,4.92,O,O,O,O,O,energy after landing,1.471302834075,0,0.912385830,0.372252047,ideal no-slip/no-flight constraint result
1.0,4.93,O,O,O,O,O,energy after landing,1.469880073918,0,0.912055028,0.372647813,ideal no-slip/no-flight constraint result
1.0,4.94,O,O,O,O,O,energy after landing,1.468437799208,0,0.911722363,0.373043451,ideal no-slip/no-flight constraint result
1.0,4.95,O,O,O,O,O,energy after landing,1.466976007537,0,0.911388410,0.373439423,ideal no-slip/no-flight constraint result
1.0,4.96,O,O,O,O,O,energy after landing,1.465494696549,0,0.911053169,0.373835393,ideal no-slip/no-flight constraint result
1.0,4.97,O,O,O,O,O,energy after landing,1.463993863935,0,0.910715079,0.374231237,ideal no-slip/no-flight constraint result
1.0,4.98,O,O,O,O,O,energy after landing,1.462473507438,0,0.910375440,0.374626958,ideal no-slip/no-flight constraint result
1.0,4.99,O,O,O,O,O,energy after landing,1.460933624853,0,0.910034506,0.375022555,ideal no-slip/no-flight constraint result
1.0,5.00,O,O,O,O,O,energy after landing,1.459374214023,0,0.909692277,0.375418029,ideal no-slip/no-flight constraint result
1.0,5.01,O,O,O,O,O,energy after landing,1.457795272842,0,0.909346972,0.375813267,ideal no-slip/no-flight constraint result
1.0,5.02,O,O,O,O,O,energy after landing,1.456196799255,0,0.909001191,0.376208372,ideal no-slip/no-flight constraint result
1.0,5.03,O,O,O,O,O,energy after landing,1.454578791257,0,0.908652679,0.376603354,ideal no-slip/no-flight constraint result
1.0,5.04,O,O,O,O,O,energy after landing,1.452941246895,0,0.908302498,0.376998215,ideal no-slip/no-flight constraint result
1.0,5.05,O,O,O,O,O,energy after landing,1.451284164266,0,0.907951013,0.377392956,ideal no-slip/no-flight constraint result
1.0,5.06,O,O,O,O,O,energy after landing,1.449607541518,0,0.907598223,0.377787582,ideal no-slip/no-flight constraint result
1.0,5.07,O,O,O,O,O,energy after landing,1.447911376850,0,0.907242907,0.378182671,ideal no-slip/no-flight constraint result
1.0,5.08,O,O,O,O,O,energy after landing,1.446195668511,0,0.906885715,0.378577643,ideal no-slip/no-flight constraint result
1.0,5.09,O,O,O,O,O,energy after landing,1.444460414802,0,0.906527212,0.378972497,ideal no-slip/no-flight constraint result
1.0,5.10,O,O,O,O,O,energy after landing,1.442705614076,0,0.906167397,0.379367234,ideal no-slip/no-flight constraint result
1.0,5.11,O,O,O,O,O,energy after landing,1.440931264735,0,0.905805481,0.379761855,ideal no-slip/no-flight constraint result
1.0,5.12,O,O,O,O,O,energy after landing,1.439137365235,0,0.905441264,0.380156360,ideal no-slip/no-flight constraint result
1.0,5.13,O,O,O,O,O,energy after landing,1.437323914081,0,0.905075730,0.380550749,ideal no-slip/no-flight constraint result
1.0,5.14,O,O,O,O,O,energy after landing,1.435490909832,0,0.904708879,0.380945024,ideal no-slip/no-flight constraint result
1.0,5.15,O,O,O,O,O,energy after landing,1.433638351096,0,0.904340574,0.381339184,ideal no-slip/no-flight constraint result
1.0,5.16,O,O,O,O,O,energy after landing,1.431766236533,0,0.903969320,0.381733230,ideal no-slip/no-flight constraint result
1.0,5.17,O,O,O,O,O,energy after landing,1.429874564857,0,0.903597505,0.382126514,ideal no-slip/no-flight constraint result
1.0,5.18,O,O,O,O,O,energy after landing,1.427963334832,0,0.903223155,0.382520322,ideal no-slip/no-flight constraint result
1.0,5.19,O,O,O,O,O,energy after landing,1.426032545273,0,0.902847011,0.382914497,ideal no-slip/no-flight constraint result
1.0,5.20,O,O,O,O,O,energy after landing,1.424082195048,0,0.902469539,0.383308562,ideal no-slip/no-flight constraint result
1.0,5.21,O,O,O,O,O,event,1.029001186903,0,0.902091036,0.383702185,ideal no-slip/no-flight constraint result
1.0,5.22,O,O,O,O,O,event,1.061326872314,0,0.901709854,0.384096505,ideal no-slip/no-flight constraint result
1.0,5.23,O,O,O,O,O,event,1.094180825305,0,0.901327758,0.384490184,ideal no-slip/no-flight constraint result
1.0,5.24,O,O,O,O,O,event,1.127401733765,0,0.900942597,0.384883702,ideal no-slip/no-flight constraint result
1.0,5.25,O,O,O,O,O,event,1.160900928789,0,0.900557323,0.385277177,ideal no-slip/no-flight constraint result
1.0,5.26,O,O,O,O,O,event,1.194620884433,0,0.900169786,0.385670658,ideal no-slip/no-flight constraint result
1.0,5.27,O,O,O,O,O,event,1.228520815054,0,0.899779906,0.386063764,ideal no-slip/no-flight constraint result
1.0,5.28,O,O,O,O,O,event,1.262570129588,0,0.899388828,0.386456623,ideal no-slip/no-flight constraint result
1.0,5.29,O,O,O,O,O,event,1.296744968059,0,0.898996725,0.386849587,ideal no-slip/no-flight constraint result
1.0,5.30,O,O,O,O,O,event,1.331026175890,0,0.898601272,0.387242761,ideal no-slip/no-flight constraint result
1.0,5.31,O,O,O,O,O,event,1.365398031102,0,0.898205786,0.387636103,ideal no-slip/no-flight constraint result
1.0,5.32,O,O,O,O,O,event,1.399847400116,0,0.897807762,0.388028839,ideal no-slip/no-flight constraint result
1.0,5.33,O,O,O,O,O,event,1.434363153593,0,0.897408419,0.388422242,ideal no-slip/no-flight constraint result
1.0,5.34,O,O,O,O,O,event,1.468935748153,0,0.897007193,0.388815356,ideal no-slip/no-flight constraint result
1.0,5.35,O,O,O,O,O,event,1.503556918314,0,0.896603642,0.389208283,ideal no-slip/no-flight constraint result
1.0,5.36,O,O,O,O,O,event,1.538219444194,0,0.896199017,0.389601075,ideal no-slip/no-flight constraint result
1.0,5.37,O,O,O,O,O,event,1.572916972773,0,0.895792755,0.389993900,ideal no-slip/no-flight constraint result
1.0,5.38,O,O,O,O,O,event,1.607643877969,0,0.895385058,0.390386583,ideal no-slip/no-flight constraint result
1.0,5.39,O,O,O,O,O,event,1.642395149426,0,0.894975140,0.390779184,ideal no-slip/no-flight constraint result
1.0,5.40,O,O,O,O,O,event,1.677166302946,0,0.894564122,0.391171567,ideal no-slip/no-flight constraint result
1.0,5.41,O,O,O,O,O,event,1.711953307504,0,0.894151421,0.391563576,ideal no-slip/no-flight constraint result
1.0,5.42,O,O,O,O,O,event,1.746752525135,0,0.893736392,0.391956380,ideal no-slip/no-flight constraint result
1.0,5.43,O,O,O,O,O,event,1.781560660966,0,0.893320042,0.392348344,ideal no-slip/no-flight constraint result
1.0,5.44,O,O,O,O,O,event,1.816374721324,0,0.892902137,0.392740140,ideal no-slip/no-flight constraint result
1.0,5.45,O,O,O,O,O,event,1.851191978339,0,0.892482719,0.393132797,ideal no-slip/no-flight constraint result
1.0,5.46,O,O,O,O,O,event,1.886009939824,0,0.892061560,0.393525292,ideal no-slip/no-flight constraint result
1.0,5.47,O,O,O,O,O,event,1.920826323491,0,0.891637974,0.393917620,ideal no-slip/no-flight constraint result
1.0,5.48,O,O,O,O,O,event,1.955639034725,0,0.891212890,0.394309817,ideal no-slip/no-flight constraint result
1.0,5.49,O,O,O,O,O,event,1.990446147347,0,0.890786487,0.394701910,ideal no-slip/no-flight constraint result
1.0,5.50,O,O,O,O,O,event,2.025245886860,0,0.890358964,0.395093918,ideal no-slip/no-flight constraint result
1.0,5.51,O,O,O,O,O,event,2.060036615799,0,0.889929362,0.395485857,ideal no-slip/no-flight constraint result
1.0,5.52,O,O,O,O,O,event,2.094816820860,0,0.889497472,0.395877352,ideal no-slip/no-flight constraint result
1.0,5.53,O,O,O,O,O,event,2.129585101554,0,0.889065477,0.396269169,ideal no-slip/no-flight constraint result
1.0,5.54,O,O,O,O,O,event,2.164340160154,0,0.888629708,0.396660967,ideal no-slip/no-flight constraint result
1.0,5.55,O,O,O,O,O,event,2.199080792771,0,0.888193551,0.397052742,ideal no-slip/no-flight constraint result
1.0,5.56,O,O,O,O,O,event,2.233805881393,0,0.887755327,0.397443814,ideal no-slip/no-flight constraint result
1.0,5.57,O,O,O,O,O,event,2.268514386771,0,0.887316055,0.397835268,ideal no-slip/no-flight constraint result
1.0,5.58,O,O,O,O,O,event,2.303205342038,0,0.886874556,0.398226935,ideal no-slip/no-flight constraint result
1.0,5.59,O,O,O,O,O,event,2.337877846967,0,0.886432311,0.398619150,ideal no-slip/no-flight constraint result
1.0,5.60,O,O,O,O,O,event,2.372531062795,0,0.885986682,0.399010447,ideal no-slip/no-flight constraint result
1.0,5.61,O,O,O,O,O,event,2.407164207549,0,0.885540891,0.399402387,ideal no-slip/no-flight constraint result
1.0,5.62,O,O,O,O,O,event,2.441776551805,0,0.885092665,0.399793686,ideal no-slip/no-flight constraint result
1.0,5.63,O,O,O,O,O,event,2.476367414837,0,0.884642870,0.400185155,ideal no-slip/no-flight constraint result
1.0,5.64,O,O,O,O,O,event,2.510936161116,0,0.884192699,0.400576484,ideal no-slip/no-flight constraint result
1.0,5.65,O,O,O,O,O,event,2.545482197119,0,0.883739317,0.400967590,ideal no-slip/no-flight constraint result
1.0,5.66,O,O,O,O,O,event,2.580004968403,0,0.883284332,0.401358211,ideal no-slip/no-flight constraint result
1.0,5.67,O,O,O,O,O,event,2.614503956945,0,0.882828334,0.401749795,ideal no-slip/no-flight constraint result
1.0,5.68,O,O,O,O,O,event,2.648978678681,0,0.882371029,0.402140199,ideal no-slip/no-flight constraint result
1.0,5.69,O,O,O,O,O,event,2.683428681267,0,0.881911068,0.402531844,ideal no-slip/no-flight constraint result
1.0,5.70,O,O,O,O,O,event,2.717853542005,0,0.881449718,0.402922503,ideal no-slip/no-flight constraint result
1.0,5.71,O,O,O,O,O,event,2.752252865936,0,0.880986901,0.403314176,ideal no-slip/no-flight constraint result
1.0,5.72,O,O,O,O,O,event,2.786626284087,0,0.880523039,0.403704650,ideal no-slip/no-flight constraint result
1.0,5.73,O,O,O,O,O,event,2.820973451838,0,0.880057370,0.404096170,ideal no-slip/no-flight constraint result
1.0,5.74,O,O,O,O,O,event,2.855294047426,0,0.879590098,0.404487359,ideal no-slip/no-flight constraint result
1.0,5.75,O,O,O,O,O,event,2.889587770548,0,0.879120467,0.404878241,ideal no-slip/no-flight constraint result
1.0,5.76,O,O,O,O,O,event,2.923854341071,0,0.878648700,0.405269078,ideal no-slip/no-flight constraint result
1.0,5.77,O,O,O,O,O,event,2.958093497831,0,0.878176043,0.405659919,ideal no-slip/no-flight constraint result
1.0,5.78,O,O,O,O,O,event,2.992304997521,0,0.877701783,0.406050508,ideal no-slip/no-flight constraint result
1.0,5.79,O,O,O,O,O,event,3.026488613649,0,0.877225910,0.406440862,ideal no-slip/no-flight constraint result
1.0,5.80,O,O,O,O,O,event,3.060644135573,0,0.876748415,0.406831002,ideal no-slip/no-flight constraint result
1.0,5.81,O,O,O,O,O,event,3.094771367599,0,0.876269451,0.407222459,ideal no-slip/no-flight constraint result
1.0,5.82,O,O,O,O,O,event,3.128870128139,0,0.875788700,0.407612661,ideal no-slip/no-flight constraint result
1.0,5.83,O,O,O,O,O,event,3.162940248923,0,0.875306300,0.408003160,ideal no-slip/no-flight constraint result
1.0,5.84,O,O,O,O,O,event,3.196981574266,0,0.874822257,0.408394217,ideal no-slip/no-flight constraint result
1.0,5.85,O,O,O,O,O,event,3.230993960373,0,0.874336578,0.408785089,ideal no-slip/no-flight constraint result
1.0,5.86,O,O,O,O,O,event,3.264977274699,0,0.873849270,0.409175792,ideal no-slip/no-flight constraint result
1.0,5.87,O,O,O,O,O,event,3.298931395343,0,0.873360346,0.409566339,ideal no-slip/no-flight constraint result
1.0,5.88,O,O,O,O,O,event,3.332856210475,0,0.872869819,0.409956743,ideal no-slip/no-flight constraint result
1.0,5.89,O,O,O,O,O,event,3.366751617808,0,0.872377705,0.410347015,ideal no-slip/no-flight constraint result
1.0,5.90,O,O,O,O,O,event,3.400617524094,0,0.871883900,0.410737713,ideal no-slip/no-flight constraint result
1.0,5.91,O,O,O,O,O,event,3.434453844650,0,0.871388508,0.411128088,ideal no-slip/no-flight constraint result
1.0,5.92,O,O,O,O,O,event,3.468260502919,0,0.870891574,0.411518355,ideal no-slip/no-flight constraint result
1.0,5.93,O,O,O,O,O,event,3.502037430045,0,0.870393120,0.411908523,ideal no-slip/no-flight constraint result
1.0,5.94,O,O,O,O,O,event,3.535784564485,0,0.869893172,0.412298602,ideal no-slip/no-flight constraint result
1.0,5.95,O,O,O,O,O,event,3.569501851633,0,0.869391759,0.412688599,ideal no-slip/no-flight constraint result
1.0,5.96,O,O,O,O,O,event,3.603189243471,0,0.868888342,0.413078679,ideal no-slip/no-flight constraint result
1.0,5.97,O,O,O,O,O,event,3.636846698236,0,0.868382673,0.413469288,ideal no-slip/no-flight constraint result
1.0,5.98,O,O,O,O,O,event,3.670474180108,0,0.867875537,0.413859811,ideal no-slip/no-flight constraint result
1.0,5.99,O,O,O,O,O,event,3.704071658914,0,0.867366968,0.414250255,ideal no-slip/no-flight constraint result
1.0,6.00,O,O,O,O,O,event,3.737639109846,0,0.866857003,0.414640627,ideal no-slip/no-flight constraint result
2.0,1.00,S,S,S,S,S,rest,0.000000000000,0,1.000000000,0.202710036,within contact bounds
2.0,1.01,S,S,S,S,S,rest,0.000000000000,702,0.943138897,0.203216272,within contact bounds
2.0,1.02,S,S,S,S,S,energy outward,0.000000736771,393,0.945432525,0.203722137,within contact bounds
2.0,1.03,S,S,S,S,S,energy outward,0.000015346110,368,0.941602458,0.204227202,within contact bounds
2.0,1.04,S,S,S,S,S,energy after landing,0.000043067897,26,0.944395390,0.204731778,within contact bounds
2.0,1.05,S,S,S,S,S,energy after landing,0.000485660100,15,0.941178434,0.205235768,within contact bounds
2.0,1.06,S,S,S,S,S,energy after landing,0.001125408444,10,0.944424191,0.205739123,within contact bounds
2.0,1.07,S,S,S,S,S,energy outward,0.002500932432,8,0.945118632,0.206241742,within contact bounds
2.0,1.08,S,S,S,S,S,energy outward,0.002019328924,6,0.951243160,0.206743703,within contact bounds
2.0,1.09,S,S,S,S,S,energy after landing,0.006955528371,5,0.943875748,0.207245382,within contact bounds
2.0,1.10,S,S,S,S,S,energy after landing,0.001053560501,4,0.958059083,0.207746247,within contact bounds
2.0,1.11,S,S,S,S,S,energy after landing,0.009788699173,3,0.953769490,0.208246547,within contact bounds
2.0,1.12,S,S,S,S,S,energy after landing,0.015825014859,3,0.949364864,0.208746400,within contact bounds
2.0,1.13,S,S,S,S,S,energy after landing,0.018212984484,3,0.944772251,0.209245612,within contact bounds
2.0,1.14,S,S,S,S,S,energy after landing,0.014875757875,3,0.939869962,0.209744050,within contact bounds
2.0,1.15,S,S,S,S,S,energy outward,0.000498037907,3,0.959009683,0.210242319,within contact bounds
2.0,1.16,S,S,S,S,S,energy after landing,0.010389216473,1,0.967820971,0.210739961,within contact bounds
2.0,1.17,S,S,S,S,S,energy after landing,0.020591198760,1,0.966144756,0.211236879,within contact bounds
2.0,1.18,S,S,S,S,S,energy after landing,0.030550464259,1,0.964503218,0.211733321,within contact bounds
2.0,1.19,S,S,S,S,S,energy after landing,0.040281400537,1,0.962895685,0.212229332,within contact bounds
2.0,1.20,S,S,S,S,S,energy outward,0.049796674408,1,0.961321508,0.212724821,within contact bounds
2.0,1.21,S,S,S,S,S,energy outward,0.059107528287,1,0.959780058,0.213219709,within contact bounds
2.0,1.22,S,S,S,S,S,energy outward,0.068224013271,1,0.958270725,0.213714150,within contact bounds
2.0,1.23,S,S,S,S,S,energy outward,0.077155174720,1,0.956792919,0.214208286,within contact bounds
2.0,1.24,S,S,S,S,S,energy outward,0.085909201656,1,0.955346065,0.214701793,within contact bounds
2.0,1.25,S,S,S,S,S,energy outward,0.094493548266,1,0.953929610,0.215194475,within contact bounds
2.0,1.26,S,S,S,S,S,energy outward,0.102915033621,1,0.952543014,0.215687177,within contact bounds
2.0,1.27,S,S,S,S,S,energy outward,0.111179924225,1,0.951185755,0.216179160,within contact bounds
2.0,1.28,S,S,S,S,S,energy outward,0.119294002878,1,0.949857326,0.216670694,within contact bounds
2.0,1.29,S,S,S,S,S,energy outward,0.127262626548,1,0.948557235,0.217161738,within contact bounds
2.0,1.30,S,S,S,S,S,energy outward,0.135090775327,1,0.947285004,0.217652331,within contact bounds
2.0,1.31,S,S,S,S,S,energy outward,0.142783094105,1,0.946040171,0.218142435,within contact bounds
2.0,1.32,S,S,S,S,S,energy outward,0.150343928261,1,0.944822285,0.218632187,within contact bounds
2.0,1.33,S,S,S,S,S,energy outward,0.157777354392,1,0.943630910,0.219121319,within contact bounds
2.0,1.34,S,S,S,S,S,energy outward,0.165087206906,1,0.942465620,0.219610041,within contact bounds
2.0,1.35,S,S,S,S,S,energy outward,0.172277101150,1,0.941326004,0.220098449,within contact bounds
2.0,1.36,S,S,S,S,S,energy outward,0.179350453616,1,0.940211662,0.220586257,within contact bounds
2.0,1.37,S,S,S,S,S,energy outward,0.186310499672,1,0.939122204,0.221073469,within contact bounds
2.0,1.38,S,S,S,S,S,energy outward,0.193160309180,1,0.938057251,0.221560449,within contact bounds
2.0,1.39,S,S,S,S,S,energy outward,0.199902800315,1,0.937016437,0.222047113,within contact bounds
2.0,1.40,S,S,S,S,S,energy outward,0.206540751829,1,0.935999404,0.222533368,within contact bounds
2.0,1.41,S,S,S,S,S,energy outward,0.213076813974,1,0.935005805,0.223019056,within contact bounds
2.0,1.42,S,S,S,S,S,energy outward,0.219513518272,1,0.934035300,0.223504321,within contact bounds
2.0,1.43,S,S,S,S,S,energy outward,0.225853286271,1,0.933087562,0.223989171,within contact bounds
2.0,1.44,S,S,S,S,S,energy outward,0.232098437423,1,0.932162272,0.224473602,within contact bounds
2.0,1.45,S,S,S,S,S,energy outward,0.238251196185,1,0.931259117,0.224957619,within contact bounds
2.0,1.46,S,S,S,S,S,energy outward,0.244313698450,1,0.930377795,0.225441224,within contact bounds
2.0,1.47,S,S,S,S,S,energy outward,0.250287997374,1,0.929518012,0.225924418,within contact bounds
2.0,1.48,S,S,S,S,S,energy outward,0.256176068676,1,0.928679480,0.226407206,within contact bounds
2.0,1.49,S,S,S,S,S,energy outward,0.261979815472,1,0.927861921,0.226889588,within contact bounds
2.0,1.50,S,S,S,S,S,energy outward,0.267701072686,1,0.927065063,0.227371566,within contact bounds
2.0,1.51,S,S,S,S,S,energy outward,0.273341611094,1,0.926288642,0.227853016,within contact bounds
2.0,1.52,S,S,S,S,S,energy outward,0.278903141033,1,0.925532399,0.228334173,within contact bounds
2.0,1.53,S,S,S,S,S,energy outward,0.284387315813,1,0.924796084,0.228814881,within contact bounds
2.0,1.54,S,S,S,S,S,energy outward,0.289795734862,1,0.924079452,0.229295324,within contact bounds
2.0,1.55,S,S,S,S,S,energy outward,0.295129946627,1,0.923382266,0.229775533,within contact bounds
2.0,1.56,S,S,S,S,S,energy outward,0.300391451261,1,0.922704293,0.230255172,within contact bounds
2.0,1.57,S,S,S,S,S,energy outward,0.305581703109,1,0.922045307,0.230734362,within contact bounds
2.0,1.58,S,S,S,S,S,energy outward,0.310702113021,1,0.921405088,0.231212941,within contact bounds
2.0,1.59,S,S,S,S,S,energy outward,0.315754050494,1,0.920783421,0.231691667,within contact bounds
2.0,1.60,S,S,S,S,S,energy outward,0.320738845681,1,0.920180098,0.232169808,within contact bounds
2.0,1.61,S,S,S,S,S,energy outward,0.325657791249,1,0.919594913,0.232647607,within contact bounds
2.0,1.62,S,S,S,S,S,energy outward,0.330512144126,1,0.919027669,0.233124790,within contact bounds
2.0,1.63,S,S,S,S,S,energy outward,0.335303127132,1,0.918478171,0.233675868,within contact bounds
2.0,1.64,S,S,S,S,S,energy outward,0.340031930507,1,0.917946230,0.234327270,within contact bounds
2.0,1.65,S,S,S,S,S,energy outward,0.344699713343,1,0.917431662,0.234948455,within contact bounds
2.0,1.66,S,S,S,S,S,energy outward,0.349307604930,1,0.916934287,0.235537846,within contact bounds
2.0,1.67,S,S,S,S,S,energy outward,0.353856706028,1,0.916453930,0.236095858,within contact bounds
2.0,1.68,S,S,S,S,S,energy outward,0.358348090054,1,0.915990419,0.236622895,within contact bounds
2.0,1.69,S,S,S,S,S,energy outward,0.362782804210,1,0.915543587,0.237119350,within contact bounds
2.0,1.70,S,S,S,S,S,energy outward,0.367161870545,1,0.915113272,0.237585606,within contact bounds
2.0,1.71,S,S,S,S,S,energy outward,0.371486286956,1,0.914699315,0.238022035,within contact bounds
2.0,1.72,S,S,S,S,S,energy outward,0.375757028142,1,0.914301560,0.238428999,within contact bounds
2.0,1.73,S,S,S,S,S,energy outward,0.379975046498,1,0.913919856,0.238806853,within contact bounds
2.0,1.74,S,S,S,S,S,energy outward,0.384141272973,1,0.913554056,0.239155938,within contact bounds
2.0,1.75,S,S,S,S,S,energy outward,0.388256617875,1,0.913204015,0.239476591,within contact bounds
2.0,1.76,S,S,S,S,S,energy outward,0.392321971642,1,0.912869593,0.239769889,within contact bounds
2.0,1.77,S,S,S,S,S,energy outward,0.396338205572,1,0.912550651,0.240241605,within contact bounds
2.0,1.78,S,S,S,S,S,energy outward,0.400306172519,1,0.912247056,0.240713639,within contact bounds
2.0,1.79,S,S,S,S,S,energy outward,0.404226707556,1,0.911958676,0.241184634,within contact bounds
2.0,1.80,S,S,S,S,S,energy outward,0.408100628607,1,0.911685385,0.241655904,within contact bounds
2.0,1.81,S,S,S,S,S,energy outward,0.411928737049,1,0.911427056,0.242126296,within contact bounds
2.0,1.82,S,S,S,S,S,energy outward,0.415711818289,1,0.911183567,0.242596856,within contact bounds
2.0,1.83,S,S,S,S,S,energy outward,0.419450642314,1,0.910954800,0.243066748,within contact bounds
2.0,1.84,S,S,S,S,S,energy outward,0.423145964218,1,0.910740638,0.243536341,within contact bounds
2.0,1.85,S,S,S,S,S,energy outward,0.426798524704,1,0.910540967,0.244005629,within contact bounds
2.0,1.86,S,S,S,S,S,energy outward,0.430409050572,1,0.910355676,0.244474646,within contact bounds
2.0,1.87,S,S,S,S,S,energy outward,0.433978255177,1,0.910184657,0.244943171,within contact bounds
2.0,1.88,S,S,S,S,S,energy outward,0.437506838875,1,0.910027803,0.245411412,within contact bounds
2.0,1.89,S,S,S,S,S,energy outward,0.440995489451,1,0.909885010,0.245879601,within contact bounds
2.0,1.90,S,S,S,S,S,energy outward,0.444444882528,1,0.909756177,0.246347118,within contact bounds
2.0,1.91,S,S,S,S,S,energy outward,0.447855681961,1,0.909641206,0.246814541,within contact bounds
2.0,1.92,S,S,S,S,S,energy outward,0.451228540216,1,0.909539623,0.247281519,within contact bounds
2.0,1.93,S,S,S,S,S,energy outward,0.454564098739,1,0.909442365,0.247748172,within contact bounds
2.0,1.94,S,S,S,S,S,energy outward,0.457862988301,1,0.909345580,0.248214621,within contact bounds
2.0,1.95,S,S,S,S,S,energy outward,0.461125829343,1,0.909249494,0.248680499,within contact bounds
2.0,1.96,S,S,S,S,S,energy outward,0.464353232303,1,0.909154183,0.249146433,within contact bounds
2.0,1.97,S,S,S,S,S,energy outward,0.467545797930,1,0.909059663,0.249611529,within contact bounds
2.0,1.98,S,S,S,S,S,energy outward,0.470704117589,1,0.908965606,0.250076960,within contact bounds
2.0,1.99,S,S,S,S,S,energy outward,0.473828773558,1,0.908872233,0.250541270,within contact bounds
2.0,2.00,S,S,S,S,S,energy outward,0.476920339315,1,0.908779703,0.251006090,within contact bounds
2.0,2.01,S,S,S,S,S,energy outward,0.479979379809,1,0.908687717,0.251470279,within contact bounds
2.0,2.02,S,S,S,S,S,energy outward,0.483006451734,1,0.908596330,0.251934000,within contact bounds
2.0,2.03,S,S,S,S,S,energy outward,0.486002103782,1,0.908505814,0.252397713,within contact bounds
2.0,2.04,S,S,S,S,S,energy outward,0.488966876900,1,0.908415757,0.252860639,within contact bounds
2.0,2.05,S,S,S,S,S,energy outward,0.491901304532,1,0.908326413,0.253323836,within contact bounds
2.0,2.06,S,S,S,S,S,energy outward,0.494805912855,1,0.908237858,0.253786340,within contact bounds
2.0,2.07,S,S,S,S,S,energy outward,0.497681221010,1,0.908149697,0.254248682,within contact bounds
2.0,2.08,S,S,S,S,S,energy outward,0.500527741327,1,0.908062481,0.254710738,within contact bounds
2.0,2.09,S,S,S,S,S,energy outward,0.503345979539,1,0.907975617,0.255172127,within contact bounds
2.0,2.10,S,S,S,S,S,energy outward,0.506136434998,1,0.907889650,0.255633895,within contact bounds
2.0,2.11,S,S,S,S,S,energy outward,0.508899600881,1,0.907804138,0.256094773,within contact bounds
2.0,2.12,S,S,S,S,S,energy outward,0.511635964387,1,0.907719430,0.256555455,within contact bounds
2.0,2.13,S,S,S,S,S,energy outward,0.514346006939,1,0.907635200,0.257016312,within contact bounds
2.0,2.14,S,S,S,S,S,energy outward,0.517030204371,1,0.907551801,0.257476365,within contact bounds
2.0,2.15,S,S,S,S,S,energy outward,0.519689027115,1,0.907468802,0.257936257,within contact bounds
2.0,2.16,S,S,S,S,S,energy outward,0.522322940389,1,0.907386693,0.258395972,within contact bounds
2.0,2.17,S,S,S,S,S,energy outward,0.524932404367,1,0.907304946,0.258855004,within contact bounds
2.0,2.18,S,S,S,S,S,energy outward,0.527517874361,1,0.907224164,0.259314318,within contact bounds
2.0,2.19,S,S,S,S,S,energy outward,0.530079800991,1,0.907143640,0.259773080,within contact bounds
2.0,2.20,S,S,S,S,S,energy outward,0.532618630347,1,0.907063982,0.260231054,within contact bounds
2.0,2.21,S,S,S,S,S,energy outward,0.535134804161,1,0.906984902,0.260689552,within contact bounds
2.0,2.22,S,S,S,S,S,energy outward,0.537628759963,1,0.906906339,0.261147441,within contact bounds
2.0,2.23,S,S,S,S,S,energy outward,0.540100931243,1,0.906828647,0.261604688,within contact bounds
2.0,2.24,S,S,S,S,S,energy outward,0.542551747603,1,0.906751263,0.262062342,within contact bounds
2.0,2.25,S,S,S,S,S,energy outward,0.544981634913,1,0.906674661,0.262519341,within contact bounds
2.0,2.26,S,S,S,S,S,energy outward,0.547391015460,1,0.906598784,0.262975620,within contact bounds
2.0,2.27,S,S,S,S,S,energy outward,0.549780308096,1,0.906523266,0.263432378,within contact bounds
2.0,2.28,S,S,S,S,S,energy outward,0.552149928387,1,0.906448560,0.263888523,within contact bounds
2.0,2.29,S,S,S,S,S,energy outward,0.554500288752,1,0.906374498,0.264344044,within contact bounds
2.0,2.30,S,S,S,S,S,energy outward,0.556831798612,1,0.906300809,0.264799797,within contact bounds
2.0,2.31,S,S,S,S,S,energy outward,0.559144864524,1,0.906227892,0.265255305,within contact bounds
2.0,2.32,S,S,S,S,S,energy outward,0.561439890324,1,0.906155720,0.265710092,within contact bounds
2.0,2.33,S,S,S,S,S,energy outward,0.563717277265,1,0.906083820,0.266164933,within contact bounds
2.0,2.34,S,S,S,S,S,energy outward,0.565977424148,1,0.906012687,0.266619505,within contact bounds
2.0,2.35,S,S,S,S,S,energy outward,0.568220727466,1,0.905942255,0.267073572,within contact bounds
2.0,2.36,S,S,S,S,S,energy outward,0.570447581528,1,0.905872350,0.267527271,within contact bounds
2.0,2.37,S,S,S,S,S,energy outward,0.572658378599,1,0.905802951,0.267981133,within contact bounds
2.0,2.38,S,S,S,S,S,energy outward,0.574853509030,1,0.905734236,0.268434495,within contact bounds
2.0,2.39,S,S,S,S,S,energy outward,0.577033361388,1,0.905666288,0.268887031,within contact bounds
2.0,2.40,S,S,S,S,S,energy outward,0.579198322590,1,0.905598707,0.269340198,within contact bounds
2.0,2.41,S,S,S,S,S,energy outward,0.581348778028,1,0.905531692,0.269792869,within contact bounds
2.0,2.42,S,S,S,S,S,energy outward,0.583485111707,1,0.905465337,0.270245045,within contact bounds
2.0,2.43,S,S,S,S,S,energy outward,0.585607706368,1,0.905399708,0.270696706,within contact bounds
2.0,2.44,S,S,S,S,S,energy outward,0.587716943619,1,0.905334656,0.271148701,within contact bounds
2.0,2.45,S,S,S,S,S,energy outward,0.589813204066,1,0.905269978,0.271600205,within contact bounds
2.0,2.46,S,S,S,S,S,energy outward,0.591896867444,1,0.905205926,0.272050878,within contact bounds
2.0,2.47,S,S,S,S,S,energy outward,0.593968312744,1,0.905142571,0.272501995,within contact bounds
2.0,2.48,S,S,S,S,S,energy outward,0.596027918344,1,0.905079847,0.272952842,within contact bounds
2.0,2.49,S,S,S,S,S,energy outward,0.598076062142,1,0.905017747,0.273403203,within contact bounds
2.0,2.50,S,S,S,S,S,energy outward,0.600113121684,1,0.904956038,0.273853079,within contact bounds
2.0,2.51,S,S,S,S,S,energy outward,0.602139474298,1,0.904894871,0.274302956,within contact bounds
2.0,2.52,S,S,S,S,S,energy outward,0.604155497230,1,0.904834407,0.274752678,within contact bounds
2.0,2.53,S,S,S,S,S,energy outward,0.606161567771,1,0.904774557,0.275201921,within contact bounds
2.0,2.54,S,S,S,S,S,energy outward,0.608158063397,1,0.904715316,0.275650685,within contact bounds
2.0,2.55,S,S,S,S,S,energy outward,0.610145361907,1,0.904656679,0.276099319,within contact bounds
2.0,2.56,S,S,S,S,S,energy outward,0.612123841553,1,0.904598391,0.276548267,within contact bounds
2.0,2.57,S,S,S,S,S,energy outward,0.614093881188,1,0.904540774,0.276996417,within contact bounds
2.0,2.58,S,S,S,S,S,energy outward,0.616055860402,1,0.904483758,0.277444094,within contact bounds
2.0,2.59,S,S,S,S,S,energy outward,0.618010159665,1,0.904427339,0.277891820,within contact bounds
2.0,2.60,S,S,S,S,S,energy outward,0.619957160471,1,0.904371514,0.278339575,within contact bounds
2.0,2.61,S,S,S,S,S,energy outward,0.621897245490,1,0.904316280,0.278786863,within contact bounds
2.0,2.62,S,S,S,S,S,energy outward,0.623830798709,1,0.904261604,0.279233361,within contact bounds
2.0,2.63,S,S,S,S,S,energy outward,0.625758205589,1,0.904207391,0.279680138,within contact bounds
2.0,2.64,S,S,S,S,S,energy outward,0.627679853217,1,0.904153766,0.280126842,within contact bounds
2.0,2.65,S,S,S,S,S,energy outward,0.629596130464,1,0.904100725,0.280573087,within contact bounds
2.0,2.66,S,S,S,S,S,energy outward,0.631507428144,1,0.904048266,0.281018872,within contact bounds
2.0,2.67,S,S,S,S,S,energy outward,0.633414139176,1,0.903996388,0.281464199,within contact bounds
2.0,2.68,S,S,S,S,S,energy outward,0.635316658754,1,0.903945087,0.281909721,within contact bounds
2.0,2.69,S,S,S,S,S,energy outward,0.637215384510,1,0.903894362,0.282355150,within contact bounds
2.0,2.70,S,S,S,S,S,energy outward,0.639110716697,1,0.903844245,0.282800000,within contact bounds
2.0,2.71,S,S,S,S,S,energy outward,0.641003058359,1,0.903794537,0.283244325,within contact bounds
2.0,2.72,S,S,S,S,S,energy outward,0.642892815516,1,0.903745402,0.283688792,within contact bounds
2.0,2.73,S,S,S,S,S,energy outward,0.644780397351,1,0.903696838,0.284133227,within contact bounds
2.0,2.74,S,S,S,S,S,energy outward,0.646666216400,1,0.903648843,0.284577217,within contact bounds
2.0,2.75,S,S,S,S,S,energy outward,0.648550688746,1,0.903601416,0.285020765,within contact bounds
2.0,2.76,S,S,S,S,S,energy outward,0.650434234228,1,0.903554554,0.285463871,within contact bounds
2.0,2.77,S,S,S,S,S,energy outward,0.652317276638,1,0.903508257,0.285906942,within contact bounds
2.0,2.78,S,S,S,S,S,energy outward,0.654200243941,1,0.903462522,0.286350170,within contact bounds
2.0,2.79,S,S,S,S,S,energy outward,0.656083568492,1,0.903417350,0.286792963,within contact bounds
2.0,2.80,S,S,S,S,S,energy outward,0.657967687261,1,0.903372737,0.287235322,within contact bounds
2.0,2.81,S,S,S,S,S,energy outward,0.659853042066,1,0.903328528,0.287676947,within contact bounds
2.0,2.82,S,S,S,S,S,energy after landing,0.747646683723,0,0.903284882,0.288119170,within contact bounds
2.0,2.83,S,S,S,S,S,energy after landing,0.749775013645,0,0.903241873,0.288561049,within contact bounds
2.0,2.84,S,S,S,S,S,energy after landing,0.751899223297,0,0.903199478,0.289002556,within contact bounds
2.0,2.85,S,S,S,S,S,energy after landing,0.754019311310,0,0.903157603,0.289443693,within contact bounds
2.0,2.86,S,S,S,S,S,energy after landing,0.756135276313,0,0.903116016,0.289884048,within contact bounds
2.0,2.87,S,S,S,S,S,energy after landing,0.758247116928,0,0.903075178,0.290325030,within contact bounds
2.0,2.88,S,S,S,S,S,energy after landing,0.760354831777,0,0.903034951,0.290765721,within contact bounds
2.0,2.89,S,S,S,S,S,energy after landing,0.762458419478,0,0.902995209,0.291206050,within contact bounds
2.0,2.90,S,S,S,S,S,energy after landing,0.764557878645,0,0.902955837,0.291646019,within contact bounds
2.0,2.91,S,S,S,S,S,energy after landing,0.766653207887,0,0.902917107,0.292085271,within contact bounds
2.0,2.92,S,S,S,S,S,energy after landing,0.768744405814,0,0.902879035,0.292524779,within contact bounds
2.0,2.93,S,S,S,S,S,energy after landing,0.770831471029,0,0.902841385,0.292964317,within contact bounds
2.0,2.94,S,S,S,S,S,energy after landing,0.772914402135,0,0.902804156,0.293403503,within contact bounds
2.0,2.95,S,S,S,S,S,energy after landing,0.774993197732,0,0.902767533,0.293842338,within contact bounds
2.0,2.96,S,S,S,S,S,energy after landing,0.777067856416,0,0.902731651,0.294280551,within contact bounds
2.0,2.97,S,S,S,S,S,energy after landing,0.779138376781,0,0.902696051,0.294718534,within contact bounds
2.0,2.98,S,S,S,S,S,energy after landing,0.781204757420,0,0.902660951,0.295156881,within contact bounds
2.0,2.99,S,S,S,S,S,energy after landing,0.783266996923,0,0.902626455,0.295594955,within contact bounds
2.0,3.00,S,S,S,S,S,energy after landing,0.785325093876,0,0.902592562,0.296032687,within contact bounds
2.0,3.01,S,S,S,S,S,energy after landing,0.787379046867,0,0.902559126,0.296469922,within contact bounds
2.0,3.02,S,S,S,S,S,energy after landing,0.789428854477,0,0.902526141,0.296906823,within contact bounds
2.0,3.03,S,S,S,S,S,energy after landing,0.791474515290,0,0.902493758,0.297343445,within contact bounds
2.0,3.04,S,S,S,S,S,energy after landing,0.793516027886,0,0.902461975,0.297780436,within contact bounds
2.0,3.05,S,S,S,S,S,energy after landing,0.795553390842,0,0.902430658,0.298217093,within contact bounds
2.0,3.06,S,S,S,S,S,energy after landing,0.797586602736,0,0.902399646,0.298653410,within contact bounds
2.0,3.07,S,S,S,S,S,energy after landing,0.799615662143,0,0.902369361,0.299089255,within contact bounds
2.0,3.08,S,S,S,S,S,energy after landing,0.801640567637,0,0.902339674,0.299524773,within contact bounds
2.0,3.09,S,S,S,S,S,energy after landing,0.803661317791,0,0.902310265,0.299959966,within contact bounds
2.0,3.10,S,S,S,S,S,energy after landing,0.805677911177,0,0.902281376,0.300395574,ideal no-slip/no-flight constraint result
2.0,3.11,S,S,S,S,S,energy after landing,0.807690346363,0,0.902253084,0.300830860,ideal no-slip/no-flight constraint result
2.0,3.12,S,S,S,S,S,energy after landing,0.809698621921,0,0.902225437,0.301265843,ideal no-slip/no-flight constraint result
2.0,3.13,S,S,S,S,S,energy after landing,0.811702736417,0,0.902198025,0.301700338,ideal no-slip/no-flight constraint result
2.0,3.14,S,S,S,S,S,energy after landing,0.813702688420,0,0.902171206,0.302134515,ideal no-slip/no-flight constraint result
2.0,3.15,S,S,S,S,S,energy after landing,0.815698476495,0,0.902144982,0.302568374,ideal no-slip/no-flight constraint result
2.0,3.16,S,S,S,S,S,energy after landing,0.817690099208,0,0.902119352,0.303002407,ideal no-slip/no-flight constraint result
2.0,3.17,S,S,S,S,S,energy after landing,0.819677555124,0,0.902093918,0.303436361,ideal no-slip/no-flight constraint result
2.0,3.18,S,S,S,S,S,energy after landing,0.821660842807,0,0.902069089,0.303870086,ideal no-slip/no-flight constraint result
2.0,3.19,S,S,S,S,S,energy after landing,0.823639960820,0,0.902044919,0.304303270,ideal no-slip/no-flight constraint result
2.0,3.20,S,S,S,S,S,energy after landing,0.825614907726,0,0.902021061,0.304736143,ideal no-slip/no-flight constraint result
2.0,3.21,S,S,S,S,S,energy after landing,0.827585682089,0,0.901997654,0.305168708,ideal no-slip/no-flight constraint result
2.0,3.22,S,S,S,S,S,energy after landing,0.829552282469,0,0.901974836,0.305601027,ideal no-slip/no-flight constraint result
2.0,3.23,S,S,S,S,S,energy after landing,0.831514707429,0,0.901952607,0.306033685,ideal no-slip/no-flight constraint result
2.0,3.24,S,S,S,S,S,energy after landing,0.833472955529,0,0.901930651,0.306466225,ideal no-slip/no-flight constraint result
2.0,3.25,S,S,S,S,S,energy after landing,0.835427025331,0,0.901909270,0.306898133,ideal no-slip/no-flight constraint result
2.0,3.26,S,S,S,S,S,energy after landing,0.837376915396,0,0.901888477,0.307329738,ideal no-slip/no-flight constraint result
2.0,3.27,S,S,S,S,S,energy after landing,0.839322624285,0,0.901868117,0.307761043,ideal no-slip/no-flight constraint result
2.0,3.28,S,S,S,S,S,energy after landing,0.841264150557,0,0.901848063,0.308192049,ideal no-slip/no-flight constraint result
2.0,3.29,S,S,S,S,S,energy after landing,0.843201492774,0,0.901828593,0.308622907,ideal no-slip/no-flight constraint result
2.0,3.30,S,S,S,S,S,energy after landing,0.845134649495,0,0.901809764,0.309054331,ideal no-slip/no-flight constraint result
2.0,3.31,S,S,S,S,S,energy after landing,0.847063619282,0,0.901791124,0.309484995,ideal no-slip/no-flight constraint result
2.0,3.32,S,S,S,S,S,energy after landing,0.848988400694,0,0.901773067,0.309915365,ideal no-slip/no-flight constraint result
2.0,3.33,S,S,S,S,S,energy after landing,0.850908992294,0,0.901755593,0.310345441,ideal no-slip/no-flight constraint result
2.0,3.34,S,S,S,S,S,energy after landing,0.852825392640,0,0.901738519,0.310775226,ideal no-slip/no-flight constraint result
2.0,3.35,S,S,S,S,S,energy after landing,0.854737600295,0,0.901721757,0.311204720,ideal no-slip/no-flight constraint result
2.0,3.36,S,S,S,S,S,energy after landing,0.856645613820,0,0.901705576,0.311633965,ideal no-slip/no-flight constraint result
2.0,3.37,S,S,S,S,S,energy after landing,0.858549431776,0,0.901689953,0.312063913,ideal no-slip/no-flight constraint result
2.0,3.38,S,S,S,S,S,energy after landing,0.860449052725,0,0.901674580,0.312493077,ideal no-slip/no-flight constraint result
2.0,3.39,S,S,S,S,S,energy after landing,0.862344475230,0,0.901659786,0.312921954,ideal no-slip/no-flight constraint result
2.0,3.40,S,S,S,S,S,energy after landing,0.864235697853,0,0.901645569,0.313350547,ideal no-slip/no-flight constraint result
2.0,3.41,S,S,S,S,S,energy after landing,0.866122719157,0,0.901631555,0.313778855,ideal no-slip/no-flight constraint result
2.0,3.42,S,S,S,S,S,energy after landing,0.868005537706,0,0.901618024,0.314206881,ideal no-slip/no-flight constraint result
2.0,3.43,S,S,S,S,S,energy after landing,0.869884152064,0,0.901605070,0.314634625,ideal no-slip/no-flight constraint result
2.0,3.44,S,S,S,S,S,energy after landing,0.871758560795,0,0.901592461,0.315062917,ideal no-slip/no-flight constraint result
2.0,3.45,S,S,S,S,S,energy after landing,0.873628762464,0,0.901580292,0.315490623,ideal no-slip/no-flight constraint result
2.0,3.46,S,S,S,S,S,energy after landing,0.875494755638,0,0.901568697,0.315918050,ideal no-slip/no-flight constraint result
2.0,3.47,S,S,S,S,S,energy after landing,0.877356538883,0,0.901557413,0.316345200,ideal no-slip/no-flight constraint result
2.0,3.48,S,S,S,S,S,energy after landing,0.879214110766,0,0.901546478,0.316772074,ideal no-slip/no-flight constraint result
2.0,3.49,S,S,S,S,S,energy after landing,0.881067469855,0,0.901536115,0.317198672,ideal no-slip/no-flight constraint result
2.0,3.50,S,S,S,S,S,energy after landing,0.882916614718,0,0.901526260,0.317624996,ideal no-slip/no-flight constraint result
2.0,3.51,S,S,S,S,S,energy after landing,0.884761543925,0,0.901516524,0.318051479,ideal no-slip/no-flight constraint result
2.0,3.52,S,S,S,S,S,energy after landing,0.886602256045,0,0.901507494,0.318477766,ideal no-slip/no-flight constraint result
2.0,3.53,S,S,S,S,S,energy after landing,0.888438749650,0,0.901498734,0.318903782,ideal no-slip/no-flight constraint result
2.0,3.54,S,S,S,S,S,energy after landing,0.890271023311,0,0.901490337,0.319329528,ideal no-slip/no-flight constraint result
2.0,3.55,S,S,S,S,S,energy after landing,0.892099075601,0,0.901482507,0.319755005,ideal no-slip/no-flight constraint result
2.0,3.56,S,S,S,S,S,energy after landing,0.893922905094,0,0.901475062,0.320180213,ideal no-slip/no-flight constraint result
2.0,3.57,S,S,S,S,S,energy after landing,0.895742510363,0,0.901467850,0.320605154,ideal no-slip/no-flight constraint result
2.0,3.58,S,S,S,S,S,energy after landing,0.897557889984,0,0.901461202,0.321029829,ideal no-slip/no-flight constraint result
2.0,3.59,S,S,S,S,S,energy after landing,0.899369042534,0,0.901454888,0.321454624,ideal no-slip/no-flight constraint result
2.0,3.60,S,S,S,S,S,energy after landing,0.901175966590,0,0.901448970,0.321879265,ideal no-slip/no-flight constraint result
2.0,3.61,S,S,S,S,S,energy after landing,0.902978660730,0,0.901443614,0.322303642,ideal no-slip/no-flight constraint result
2.0,3.62,S,S,S,S,S,energy after landing,0.904777123534,0,0.901438355,0.322727757,ideal no-slip/no-flight constraint result
2.0,3.63,S,S,S,S,S,energy after landing,0.906571353581,0,0.901433588,0.323151610,ideal no-slip/no-flight constraint result
2.0,3.64,S,S,S,S,S,energy after landing,0.908361349454,0,0.901429380,0.323575203,ideal no-slip/no-flight constraint result
2.0,3.65,S,S,S,S,S,energy after landing,0.910147109736,0,0.901425255,0.323998535,ideal no-slip/no-flight constraint result
2.0,3.66,S,S,S,S,S,energy after landing,0.911928633009,0,0.901421621,0.324421609,ideal no-slip/no-flight constraint result
2.0,3.67,S,S,S,S,S,energy after landing,0.913705917859,0,0.901418411,0.324844599,ideal no-slip/no-flight constraint result
2.0,3.68,S,S,S,S,S,energy after landing,0.915478962871,0,0.901415471,0.325267641,ideal no-slip/no-flight constraint result
2.0,3.69,S,S,S,S,S,energy after landing,0.917247766634,0,0.901413086,0.325690427,ideal no-slip/no-flight constraint result
2.0,3.70,S,S,S,S,S,energy after landing,0.919012327735,0,0.901410796,0.326112957,ideal no-slip/no-flight constraint result
2.0,3.71,S,S,S,S,S,energy after landing,0.920772644765,0,0.901408956,0.326535233,ideal no-slip/no-flight constraint result
2.0,3.72,S,S,S,S,S,energy after landing,0.922528716313,0,0.901407640,0.326957255,ideal no-slip/no-flight constraint result
2.0,3.73,S,S,S,S,S,energy after landing,0.924280540973,0,0.901406331,0.327379024,ideal no-slip/no-flight constraint result
2.0,3.74,S,S,S,S,S,energy after landing,0.926028117337,0,0.901405571,0.327800541,ideal no-slip/no-flight constraint result
2.0,3.75,S,S,S,S,S,energy after landing,0.927771444000,0,0.901405061,0.328221610,ideal no-slip/no-flight constraint result
2.0,3.76,S,S,S,S,S,energy after landing,0.929510519559,0,0.901404960,0.328643098,ideal no-slip/no-flight constraint result
2.0,3.77,S,S,S,S,S,energy after landing,0.931245342611,0,0.901405185,0.329064336,ideal no-slip/no-flight constraint result
2.0,3.78,S,S,S,S,S,energy after landing,0.932975911754,0,0.901405585,0.329485325,ideal no-slip/no-flight constraint result
2.0,3.79,S,S,S,S,S,energy after landing,0.934702225588,0,0.901406529,0.329906067,ideal no-slip/no-flight constraint result
2.0,3.80,S,S,S,S,S,energy after landing,0.936424282716,0,0.901407533,0.330326562,ideal no-slip/no-flight constraint result
2.0,3.81,S,S,S,S,S,energy after landing,0.938142081739,0,0.901408960,0.330746810,ideal no-slip/no-flight constraint result
2.0,3.82,S,S,S,S,S,energy after landing,0.939855621261,0,0.901410743,0.331166813,ideal no-slip/no-flight constraint result
2.0,3.83,S,S,S,S,S,energy after landing,0.941564899889,0,0.901412638,0.331586571,ideal no-slip/no-flight constraint result
2.0,3.84,S,S,S,S,S,energy after landing,0.943269916230,0,0.901414993,0.332005820,ideal no-slip/no-flight constraint result
2.0,3.85,S,S,S,S,S,energy after landing,0.944970668892,0,0.901417497,0.332425552,ideal no-slip/no-flight constraint result
2.0,3.86,S,S,S,S,S,energy after landing,0.946667156484,0,0.901420485,0.332845042,ideal no-slip/no-flight constraint result
2.0,3.87,S,S,S,S,S,energy after landing,0.948359377619,0,0.901423428,0.333264289,ideal no-slip/no-flight constraint result
2.0,3.88,S,S,S,S,S,energy after landing,0.950047330908,0,0.901426905,0.333683296,ideal no-slip/no-flight constraint result
2.0,3.89,S,S,S,S,S,energy after landing,0.951731014968,0,0.901430428,0.334102063,ideal no-slip/no-flight constraint result
2.0,3.90,S,S,S,S,S,energy after landing,0.953410428412,0,0.901434324,0.334520591,ideal no-slip/no-flight constraint result
2.0,3.91,S,S,S,S,S,energy after landing,0.955085569860,0,0.901438433,0.334938880,ideal no-slip/no-flight constraint result
2.0,3.92,S,S,S,S,S,energy after landing,0.956756437929,0,0.901442733,0.335356931,ideal no-slip/no-flight constraint result
2.0,3.93,S,S,S,S,S,energy after landing,0.958423031240,0,0.901447287,0.335774242,ideal no-slip/no-flight constraint result
2.0,3.94,S,S,S,S,S,energy after landing,0.960085348416,0,0.901452144,0.336192269,ideal no-slip/no-flight constraint result
2.0,3.95,S,S,S,S,S,energy after landing,0.961743388079,0,0.901457082,0.336610061,ideal no-slip/no-flight constraint result
2.0,3.96,S,S,S,S,S,energy after landing,0.963397148856,0,0.901462312,0.337027618,ideal no-slip/no-flight constraint result
2.0,3.97,S,S,S,S,S,energy after landing,0.965046629372,0,0.901467695,0.337444941,ideal no-slip/no-flight constraint result
2.0,3.98,S,S,S,S,S,energy after landing,0.966691828255,0,0.901473281,0.337862030,ideal no-slip/no-flight constraint result
2.0,3.99,S,S,S,S,S,energy after landing,0.968332744137,0,0.901479060,0.338278887,ideal no-slip/no-flight constraint result
2.0,4.00,S,S,S,S,S,energy after landing,0.969969375649,0,0.901484985,0.338695511,ideal no-slip/no-flight constraint result
2.0,4.01,S,S,S,S,S,energy after landing,0.971601721423,0,0.901491110,0.339111905,ideal no-slip/no-flight constraint result
2.0,4.02,S,S,S,S,S,energy after landing,0.973229780094,0,0.901497355,0.339528067,ideal no-slip/no-flight constraint result
2.0,4.03,S,S,S,S,S,energy after landing,0.974853550300,0,0.901503729,0.339943531,ideal no-slip/no-flight constraint result
2.0,4.04,S,S,S,S,S,energy after landing,0.976473030677,0,0.901510442,0.340359673,ideal no-slip/no-flight constraint result
2.0,4.05,S,S,S,S,S,energy after landing,0.978088219867,0,0.901516960,0.340775587,ideal no-slip/no-flight constraint result
2.0,4.06,S,S,S,S,S,energy after landing,0.979699116509,0,0.901523887,0.341191273,ideal no-slip/no-flight constraint result
2.0,4.07,S,S,S,S,S,energy after landing,0.981305719248,0,0.901530678,0.341606732,ideal no-slip/no-flight constraint result
2.0,4.08,S,S,S,S,S,energy after landing,0.982908026729,0,0.901537770,0.342021965,ideal no-slip/no-flight constraint result
2.0,4.09,S,S,S,S,S,energy after landing,0.984506037597,0,0.901544816,0.342436971,ideal no-slip/no-flight constraint result
2.0,4.10,S,S,S,S,S,energy after landing,0.986099750501,0,0.901552021,0.342851752,ideal no-slip/no-flight constraint result
2.0,4.11,S,S,S,S,S,energy after landing,0.987689164091,0,0.901559303,0.343266309,ideal no-slip/no-flight constraint result
2.0,4.12,S,S,S,S,S,energy after landing,0.989274277018,0,0.901566570,0.343680642,ideal no-slip/no-flight constraint result
2.0,4.13,S,S,S,S,S,energy after landing,0.990855087937,0,0.901573987,0.344094142,ideal no-slip/no-flight constraint result
2.0,4.14,S,S,S,S,S,energy after landing,0.992431595501,0,0.901581403,0.344508454,ideal no-slip/no-flight constraint result
2.0,4.15,S,S,S,S,S,energy after landing,0.994003798369,0,0.901588796,0.344922548,ideal no-slip/no-flight constraint result
2.0,4.16,S,S,S,S,S,energy after landing,0.995571695198,0,0.901596398,0.345336421,ideal no-slip/no-flight constraint result
2.0,4.17,S,S,S,S,S,energy after landing,0.997135284649,0,0.901603717,0.345750073,ideal no-slip/no-flight constraint result
2.0,4.18,S,S,S,S,S,energy after landing,0.998694565384,0,0.901611242,0.346163505,ideal no-slip/no-flight constraint result
2.0,4.19,S,S,S,S,S,energy after landing,1.000249536067,0,0.901618679,0.346576718,ideal no-slip/no-flight constraint result
2.0,4.20,S,S,S,S,S,energy after landing,1.001800195363,0,0.901626041,0.346989712,ideal no-slip/no-flight constraint result
2.0,4.21,S,S,S,S,S,energy after landing,1.003346541941,0,0.901633549,0.347402488,ideal no-slip/no-flight constraint result
2.0,4.22,S,S,S,S,S,energy after landing,1.004888574469,0,0.901640756,0.347815046,ideal no-slip/no-flight constraint result
2.0,4.23,S,S,S,S,S,energy after landing,1.006426291618,0,0.901647997,0.348226847,ideal no-slip/no-flight constraint result
2.0,4.24,S,S,S,S,S,energy after landing,1.007959692062,0,0.901655213,0.348639002,ideal no-slip/no-flight constraint result
2.0,4.25,S,S,S,S,S,energy after landing,1.009488774475,0,0.901662358,0.349051331,ideal no-slip/no-flight constraint result
2.0,4.26,S,S,S,S,S,energy after landing,1.011013537533,0,0.901669239,0.349463445,ideal no-slip/no-flight constraint result
2.0,4.27,S,S,S,S,S,energy after landing,1.012533979915,0,0.901676148,0.349875345,ideal no-slip/no-flight constraint result
2.0,4.28,S,S,S,S,S,energy after landing,1.014050100301,0,0.901682937,0.350287031,ideal no-slip/no-flight constraint result
2.0,4.29,S,S,S,S,S,energy after landing,1.015561897373,0,0.901689422,0.350698503,ideal no-slip/no-flight constraint result
2.0,4.30,S,S,S,S,S,energy after landing,1.017069369814,0,0.901695876,0.351109763,ideal no-slip/no-flight constraint result
2.0,4.31,S,S,S,S,S,energy after landing,1.018572516311,0,0.901702241,0.351520810,ideal no-slip/no-flight constraint result
2.0,4.32,S,S,S,S,S,energy after landing,1.020071335551,0,0.901708182,0.351931646,ideal no-slip/no-flight constraint result
2.0,4.33,S,S,S,S,S,energy after landing,1.021565826223,0,0.901714034,0.352342271,ideal no-slip/no-flight constraint result
2.0,4.34,S,S,S,S,S,energy after landing,1.023055987018,0,0.901719774,0.352752685,ideal no-slip/no-flight constraint result
2.0,4.35,S,S,S,S,S,energy after landing,1.024541816630,0,0.901725188,0.353162303,ideal no-slip/no-flight constraint result
2.0,4.36,S,S,S,S,S,energy after landing,1.026023313753,0,0.901730330,0.353572710,ideal no-slip/no-flight constraint result
2.0,4.37,S,S,S,S,S,energy after landing,1.027500477085,0,0.901735169,0.353982908,ideal no-slip/no-flight constraint result
2.0,4.38,S,S,S,S,S,energy after landing,1.028973305324,0,0.901739820,0.354392898,ideal no-slip/no-flight constraint result
2.0,4.39,S,S,S,S,S,energy after landing,1.030441797170,0,0.901744260,0.354802681,ideal no-slip/no-flight constraint result
2.0,4.40,S,S,S,S,S,energy after landing,1.031905951327,0,0.901748241,0.355212257,ideal no-slip/no-flight constraint result
2.0,4.41,S,S,S,S,S,energy after landing,1.033365766498,0,0.901751893,0.355621626,ideal no-slip/no-flight constraint result
2.0,4.42,S,S,S,S,S,energy after landing,1.034821241390,0,0.901755278,0.356030789,ideal no-slip/no-flight constraint result
2.0,4.43,S,S,S,S,S,energy after landing,1.036272374711,0,0.901758378,0.356439747,ideal no-slip/no-flight constraint result
2.0,4.44,S,S,S,S,S,energy after landing,1.037719165170,0,0.901761051,0.356848501,ideal no-slip/no-flight constraint result
2.0,4.45,S,S,S,S,S,energy after landing,1.039161611481,0,0.901763241,0.357257050,ideal no-slip/no-flight constraint result
2.0,4.46,S,S,S,S,S,energy after landing,1.040599712357,0,0.901765139,0.357664793,ideal no-slip/no-flight constraint result
2.0,4.47,S,S,S,S,S,energy after landing,1.042033466513,0,0.901766556,0.358073105,ideal no-slip/no-flight constraint result
2.0,4.48,S,S,S,S,S,energy after landing,1.043462872668,0,0.901767595,0.358481448,ideal no-slip/no-flight constraint result
2.0,4.49,S,S,S,S,S,energy after landing,1.044887929541,0,0.901768239,0.358889589,ideal no-slip/no-flight constraint result
2.0,4.50,S,S,S,S,S,energy after landing,1.046308635854,0,0.901768447,0.359297529,ideal no-slip/no-flight constraint result
2.0,4.51,S,S,S,S,S,energy after landing,1.047724990330,0,0.901768004,0.359705268,ideal no-slip/no-flight constraint result
2.0,4.52,S,S,S,S,S,energy after landing,1.049136991695,0,0.901767114,0.360112806,ideal no-slip/no-flight constraint result
2.0,4.53,S,S,S,S,S,energy after landing,1.050544638676,0,0.901765761,0.360520145,ideal no-slip/no-flight constraint result
2.0,4.54,S,S,S,S,S,energy after landing,1.051947930003,0,0.901763927,0.360927284,ideal no-slip/no-flight constraint result
2.0,4.55,S,S,S,S,S,energy after landing,1.053346864406,0,0.901761595,0.361334224,ideal no-slip/no-flight constraint result
2.0,4.56,S,S,S,S,S,energy after landing,1.054741440620,0,0.901758659,0.361740966,ideal no-slip/no-flight constraint result
2.0,4.57,S,S,S,S,S,energy after landing,1.056131657379,0,0.901755065,0.362147510,ideal no-slip/no-flight constraint result
2.0,4.58,S,S,S,S,S,energy after landing,1.057517513421,0,0.901750927,0.362553857,ideal no-slip/no-flight constraint result
2.0,4.59,S,S,S,S,S,energy after landing,1.058899007484,0,0.901746270,0.362959552,ideal no-slip/no-flight constraint result
2.0,4.60,S,S,S,S,S,energy after landing,1.060276138310,0,0.901740935,0.363365902,ideal no-slip/no-flight constraint result
2.0,4.61,S,S,S,S,S,energy after landing,1.061648904642,0,0.901735010,0.363772056,ideal no-slip/no-flight constraint result
2.0,4.62,S,S,S,S,S,energy after landing,1.063017305224,0,0.901728480,0.364178016,ideal no-slip/no-flight constraint result
2.0,4.63,S,S,S,S,S,energy after landing,1.064381338805,0,0.901721331,0.364583780,ideal no-slip/no-flight constraint result
2.0,4.64,S,S,S,S,S,energy after landing,1.065741004132,0,0.901713551,0.364989350,ideal no-slip/no-flight constraint result
2.0,4.65,S,S,S,S,S,energy after landing,1.067096299957,0,0.901704930,0.365394727,ideal no-slip/no-flight constraint result
2.0,4.66,S,S,S,S,S,energy after landing,1.068447225033,0,0.901695646,0.365799911,ideal no-slip/no-flight constraint result
2.0,4.67,S,S,S,S,S,energy after landing,1.069793778115,0,0.901685691,0.366204901,ideal no-slip/no-flight constraint result
2.0,4.68,S,S,S,S,S,energy after landing,1.071135957959,0,0.901675052,0.366609700,ideal no-slip/no-flight constraint result
2.0,4.69,S,S,S,S,S,energy after landing,1.072473763325,0,0.901663719,0.367014306,ideal no-slip/no-flight constraint result
2.0,4.70,S,S,S,S,S,energy after landing,1.073807192974,0,0.901651681,0.367418722,ideal no-slip/no-flight constraint result
2.0,4.71,S,S,S,S,S,energy after landing,1.075136245667,0,0.901638925,0.367822946,ideal no-slip/no-flight constraint result
2.0,4.72,S,S,S,S,S,energy after landing,1.076460920171,0,0.901625226,0.368226725,ideal no-slip/no-flight constraint result
2.0,4.73,S,S,S,S,S,energy after landing,1.077781215253,0,0.901610942,0.368630959,ideal no-slip/no-flight constraint result
2.0,4.74,S,S,S,S,S,energy after landing,1.079097129680,0,0.901595738,0.369035004,ideal no-slip/no-flight constraint result
2.0,4.75,S,S,S,S,S,energy after landing,1.080408662225,0,0.901579739,0.369438861,ideal no-slip/no-flight constraint result
2.0,4.76,S,S,S,S,S,energy after landing,1.081715811659,0,0.901562972,0.369842529,ideal no-slip/no-flight constraint result
2.0,4.77,S,S,S,S,S,energy after landing,1.083018576758,0,0.901545429,0.370246010,ideal no-slip/no-flight constraint result
2.0,4.78,S,S,S,S,S,energy after landing,1.084316956300,0,0.901527103,0.370649303,ideal no-slip/no-flight constraint result
2.0,4.79,S,S,S,S,S,energy after landing,1.085610949062,0,0.901507987,0.371052409,ideal no-slip/no-flight constraint result
2.0,4.80,S,S,S,S,S,energy after landing,1.086900553825,0,0.901488057,0.371455329,ideal no-slip/no-flight constraint result
2.0,4.81,S,S,S,S,S,energy after landing,1.088185769374,0,0.901467103,0.371858063,ideal no-slip/no-flight constraint result
2.0,4.82,S,S,S,S,S,energy after landing,1.089466594493,0,0.901445336,0.372260611,ideal no-slip/no-flight constraint result
2.0,4.83,S,S,S,S,S,energy after landing,1.090743027968,0,0.901422748,0.372662975,ideal no-slip/no-flight constraint result
2.0,4.84,S,S,S,S,S,energy after landing,1.092015068590,0,0.901399337,0.373065153,ideal no-slip/no-flight constraint result
2.0,4.85,S,S,S,S,S,energy after landing,1.093282715149,0,0.901375099,0.373467148,ideal no-slip/no-flight constraint result
2.0,4.86,S,S,S,S,S,energy after landing,1.094545966438,0,0.901349862,0.373869118,ideal no-slip/no-flight constraint result
2.0,4.87,S,S,S,S,S,energy after landing,1.095804821252,0,0.901323867,0.374271130,ideal no-slip/no-flight constraint result
2.0,4.88,S,S,S,S,S,energy after landing,1.097059278389,0,0.901297023,0.374672960,ideal no-slip/no-flight constraint result
2.0,4.89,S,S,S,S,S,energy after landing,1.098309336649,0,0.901269055,0.375074608,ideal no-slip/no-flight constraint result
2.0,4.90,S,S,S,S,S,energy after landing,1.099554994831,0,0.901240233,0.375476073,ideal no-slip/no-flight constraint result
2.0,4.91,S,S,S,S,S,energy after landing,1.100796251740,0,0.901210558,0.375877358,ideal no-slip/no-flight constraint result
2.0,4.92,S,S,S,S,S,energy after landing,1.102033106181,0,0.901180029,0.376278461,ideal no-slip/no-flight constraint result
2.0,4.93,S,S,S,S,S,energy after landing,1.103265556962,0,0.901148646,0.376679385,ideal no-slip/no-flight constraint result
2.0,4.94,S,S,S,S,S,energy after landing,1.104493602891,0,0.901116194,0.377080128,ideal no-slip/no-flight constraint result
2.0,4.95,S,S,S,S,S,energy after landing,1.105717242781,0,0.901082757,0.377480691,ideal no-slip/no-flight constraint result
2.0,4.96,S,S,S,S,S,energy after landing,1.106936475444,0,0.901048457,0.377881076,ideal no-slip/no-flight constraint result
2.0,4.97,S,S,S,S,S,energy after landing,1.108151299698,0,0.901013298,0.378281282,ideal no-slip/no-flight constraint result
2.0,4.98,S,S,S,S,S,energy after landing,1.109361714358,0,0.900977283,0.378681309,ideal no-slip/no-flight constraint result
2.0,4.99,S,S,S,S,S,energy after landing,1.110567718246,0,0.900940112,0.379081159,ideal no-slip/no-flight constraint result
2.0,5.00,S,S,S,S,S,energy after landing,1.111769310183,0,0.900901988,0.379480831,ideal no-slip/no-flight constraint result
2.0,5.01,S,S,S,S,S,energy after landing,1.112966488992,0,0.900863039,0.379881117,ideal no-slip/no-flight constraint result
2.0,5.02,S,S,S,S,S,energy after landing,1.114159253500,0,0.900823057,0.380280816,ideal no-slip/no-flight constraint result
2.0,5.03,S,S,S,S,S,energy after landing,1.115347602535,0,0.900782221,0.380680339,ideal no-slip/no-flight constraint result
2.0,5.04,S,S,S,S,S,energy after landing,1.116531534926,0,0.900740536,0.381079687,ideal no-slip/no-flight constraint result
2.0,5.05,S,S,S,S,S,energy after landing,1.117711049506,0,0.900697593,0.381478859,ideal no-slip/no-flight constraint result
2.0,5.06,S,S,S,S,S,energy after landing,1.118886145109,0,0.900653750,0.381877857,ideal no-slip/no-flight constraint result
2.0,5.07,S,S,S,S,S,energy after landing,1.120056820571,0,0.900609063,0.382276681,ideal no-slip/no-flight constraint result
2.0,5.08,S,S,S,S,S,energy after landing,1.121223074731,0,0.900563541,0.382675331,ideal no-slip/no-flight constraint result
2.0,5.09,S,S,S,S,S,energy after landing,1.122384906429,0,0.900516733,0.383073807,ideal no-slip/no-flight constraint result
2.0,5.10,S,S,S,S,S,energy after landing,1.123542314508,0,0.900469028,0.383472111,ideal no-slip/no-flight constraint result
2.0,5.11,S,S,S,S,S,energy after landing,1.124695297811,0,0.900420497,0.383870242,ideal no-slip/no-flight constraint result
2.0,5.12,S,S,S,S,S,energy after landing,1.125843855186,0,0.900371073,0.384268200,ideal no-slip/no-flight constraint result
2.0,5.13,S,S,S,S,S,energy after landing,1.126987985481,0,0.900320342,0.384665987,ideal no-slip/no-flight constraint result
2.0,5.14,S,S,S,S,S,energy after landing,1.128127687548,0,0.900268798,0.385063602,ideal no-slip/no-flight constraint result
2.0,5.15,S,S,S,S,S,energy after landing,1.129262960239,0,0.900216452,0.385461235,ideal no-slip/no-flight constraint result
2.0,5.16,O,O,O,O,O,energy after landing,1.130393802408,0,0.900162934,0.385858990,ideal no-slip/no-flight constraint result
2.0,5.17,O,O,O,O,O,energy after landing,1.131520212914,0,0.900108527,0.386257063,ideal no-slip/no-flight constraint result
2.0,5.18,O,O,O,O,O,energy after landing,1.132642190615,0,0.900052960,0.386654374,ideal no-slip/no-flight constraint result
2.0,5.19,O,O,O,O,O,energy after landing,1.133759734372,0,0.899996613,0.387051515,ideal no-slip/no-flight constraint result
2.0,5.20,O,O,O,O,O,energy after landing,1.134872843049,0,0.899939407,0.387448489,ideal no-slip/no-flight constraint result
2.0,5.21,O,O,O,O,O,energy after landing,1.135981515511,0,0.899880841,0.387845293,ideal no-slip/no-flight constraint result
2.0,5.22,O,O,O,O,O,energy after landing,1.137085750625,0,0.899821518,0.388241930,ideal no-slip/no-flight constraint result
2.0,5.23,O,O,O,O,O,energy after landing,1.138185547262,0,0.899761455,0.388638400,ideal no-slip/no-flight constraint result
2.0,5.24,O,O,O,O,O,energy after landing,1.139280904292,0,0.899699911,0.389034702,ideal no-slip/no-flight constraint result
2.0,5.25,O,O,O,O,O,energy after landing,1.140371820590,0,0.899637635,0.389430837,ideal no-slip/no-flight constraint result
2.0,5.26,O,O,O,O,O,energy after landing,1.141458295032,0,0.899574647,0.389826806,ideal no-slip/no-flight constraint result
2.0,5.27,O,O,O,O,O,energy after landing,1.142540326495,0,0.899510157,0.390222609,ideal no-slip/no-flight constraint result
2.0,5.28,O,O,O,O,O,energy after landing,1.143617913859,0,0.899444960,0.390618246,ideal no-slip/no-flight constraint result
2.0,5.29,O,O,O,O,O,energy after landing,1.144691056008,0,0.899378996,0.391013832,ideal no-slip/no-flight constraint result
2.0,5.30,O,O,O,O,O,energy after landing,1.145759751824,0,0.899311585,0.391409617,ideal no-slip/no-flight constraint result
2.0,5.31,O,O,O,O,O,energy after landing,1.146824000194,0,0.899243506,0.391805238,ideal no-slip/no-flight constraint result
2.0,5.32,O,O,O,O,O,energy after landing,1.147883800007,0,0.899174499,0.392200696,ideal no-slip/no-flight constraint result
2.0,5.33,O,O,O,O,O,energy after landing,1.148939150154,0,0.899104218,0.392595990,ideal no-slip/no-flight constraint result
2.0,5.34,O,O,O,O,O,energy after landing,1.149990049527,0,0.899033147,0.392991327,ideal no-slip/no-flight constraint result
2.0,5.35,O,O,O,O,O,energy after landing,1.151036497021,0,0.898961272,0.393386191,ideal no-slip/no-flight constraint result
2.0,5.36,O,O,O,O,O,energy after landing,1.152078491532,0,0.898888163,0.393780893,ideal no-slip/no-flight constraint result
2.0,5.37,O,O,O,O,O,energy after landing,1.153116031960,0,0.898814106,0.394175432,ideal no-slip/no-flight constraint result
2.0,5.38,O,O,O,O,O,energy after landing,1.154149117207,0,0.898739420,0.394569810,ideal no-slip/no-flight constraint result
2.0,5.39,O,O,O,O,O,energy after landing,1.155177746174,0,0.898663185,0.394964027,ideal no-slip/no-flight constraint result
2.0,5.40,O,O,O,O,O,energy after landing,1.156201917768,0,0.898586386,0.395358083,ideal no-slip/no-flight constraint result
2.0,5.41,O,O,O,O,O,energy after landing,1.157221630897,0,0.898508491,0.395751979,ideal no-slip/no-flight constraint result
2.0,5.42,O,O,O,O,O,energy after landing,1.158236884469,0,0.898429536,0.396145715,ideal no-slip/no-flight constraint result
2.0,5.43,O,O,O,O,O,energy after landing,1.159247677396,0,0.898350010,0.396539291,ideal no-slip/no-flight constraint result
2.0,5.44,O,O,O,O,O,energy after landing,1.160254008592,0,0.898268907,0.396933065,ideal no-slip/no-flight constraint result
2.0,5.45,O,O,O,O,O,energy after landing,1.161255876974,0,0.898187308,0.397326798,ideal no-slip/no-flight constraint result
2.0,5.46,O,O,O,O,O,energy after landing,1.162253281459,0,0.898104486,0.397720374,ideal no-slip/no-flight constraint result
2.0,5.47,O,O,O,O,O,energy after landing,1.163246220967,0,0.898020768,0.398113792,ideal no-slip/no-flight constraint result
2.0,5.48,O,O,O,O,O,energy after landing,1.164234694421,0,0.897936263,0.398507052,ideal no-slip/no-flight constraint result
2.0,5.49,O,O,O,O,O,energy after landing,1.165218700746,0,0.897850437,0.398900156,ideal no-slip/no-flight constraint result
2.0,5.50,O,O,O,O,O,energy after landing,1.166198238867,0,0.897764194,0.399293103,ideal no-slip/no-flight constraint result
2.0,5.51,O,O,O,O,O,energy after landing,1.167173307713,0,0.897676307,0.399685893,ideal no-slip/no-flight constraint result
2.0,5.52,O,O,O,O,O,energy after landing,1.168143906216,0,0.897587791,0.400078381,ideal no-slip/no-flight constraint result
2.0,5.53,O,O,O,O,O,energy after landing,1.169110033309,0,0.897498618,0.400470755,ideal no-slip/no-flight constraint result
2.0,5.54,O,O,O,O,O,energy after landing,1.170071687925,0,0.897407912,0.400862973,ideal no-slip/no-flight constraint result
2.0,5.55,O,O,O,O,O,energy after landing,1.171028869003,0,0.897316695,0.401255036,ideal no-slip/no-flight constraint result
2.0,5.56,O,O,O,O,O,energy after landing,1.171981575483,0,0.897224228,0.401646945,ideal no-slip/no-flight constraint result
2.0,5.57,O,O,O,O,O,energy after landing,1.172929806304,0,0.897130983,0.402038699,ideal no-slip/no-flight constraint result
2.0,5.58,O,O,O,O,O,energy after landing,1.173873560412,0,0.897036738,0.402430299,ideal no-slip/no-flight constraint result
2.0,5.59,O,O,O,O,O,energy after landing,1.174812836751,0,0.896941482,0.402822203,ideal no-slip/no-flight constraint result
2.0,5.60,O,O,O,O,O,energy after landing,1.175747634271,0,0.896845440,0.403213971,ideal no-slip/no-flight constraint result
2.0,5.61,O,O,O,O,O,energy after landing,1.176677951920,0,0.896748193,0.403605588,ideal no-slip/no-flight constraint result
2.0,5.62,O,O,O,O,O,energy after landing,1.177603788650,0,0.896650337,0.403997052,ideal no-slip/no-flight constraint result
2.0,5.63,O,O,O,O,O,energy after landing,1.178525143417,0,0.896551119,0.404388364,ideal no-slip/no-flight constraint result
2.0,5.64,O,O,O,O,O,energy after landing,1.179442015177,0,0.896451431,0.404779525,ideal no-slip/no-flight constraint result
2.0,5.65,O,O,O,O,O,energy after landing,1.180354402888,0,0.896350265,0.405170535,ideal no-slip/no-flight constraint result
2.0,5.66,O,O,O,O,O,energy after landing,1.181262305511,0,0.896248728,0.405561395,ideal no-slip/no-flight constraint result
2.0,5.67,O,O,O,O,O,energy after landing,1.182165722009,0,0.896145637,0.405952104,ideal no-slip/no-flight constraint result
2.0,5.68,O,O,O,O,O,energy after landing,1.183064651347,0,0.896042234,0.406342663,ideal no-slip/no-flight constraint result
2.0,5.69,O,O,O,O,O,energy after landing,1.183959092492,0,0.895937243,0.406733073,ideal no-slip/no-flight constraint result
2.0,5.70,O,O,O,O,O,energy after landing,1.184849044414,0,0.895831957,0.407123333,ideal no-slip/no-flight constraint result
2.0,5.71,O,O,O,O,O,energy after landing,1.185734506083,0,0.895725092,0.407513444,ideal no-slip/no-flight constraint result
2.0,5.72,O,O,O,O,O,energy after landing,1.186615476474,0,0.895617668,0.407902722,ideal no-slip/no-flight constraint result
2.0,5.73,O,O,O,O,O,energy after landing,1.187491954562,0,0.895509327,0.408292430,ideal no-slip/no-flight constraint result
2.0,5.74,O,O,O,O,O,energy after landing,1.188363939325,0,0.895399917,0.408682424,ideal no-slip/no-flight constraint result
2.0,5.75,O,O,O,O,O,energy after landing,1.189231429744,0,0.895289653,0.409072311,ideal no-slip/no-flight constraint result
2.0,5.76,O,O,O,O,O,energy after landing,1.190094424800,0,0.895178446,0.409462052,ideal no-slip/no-flight constraint result
2.0,5.77,O,O,O,O,O,energy after landing,1.190952923479,0,0.895066243,0.409851646,ideal no-slip/no-flight constraint result
2.0,5.78,O,O,O,O,O,energy after landing,1.191806924765,0,0.894953270,0.410241094,ideal no-slip/no-flight constraint result
2.0,5.79,O,O,O,O,O,energy after landing,1.192656427649,0,0.894839113,0.410630396,ideal no-slip/no-flight constraint result
2.0,5.80,O,O,O,O,O,energy after landing,1.193501431121,0,0.894724406,0.411019553,ideal no-slip/no-flight constraint result
2.0,5.81,O,O,O,O,O,energy after landing,1.194341934173,0,0.894608280,0.411408565,ideal no-slip/no-flight constraint result
2.0,5.82,O,O,O,O,O,energy after landing,1.195177935802,0,0.894491875,0.411797431,ideal no-slip/no-flight constraint result
2.0,5.83,O,O,O,O,O,energy after landing,1.196009435005,0,0.894373764,0.412186154,ideal no-slip/no-flight constraint result
2.0,5.84,O,O,O,O,O,energy after landing,1.196836430781,0,0.894255513,0.412574732,ideal no-slip/no-flight constraint result
2.0,5.85,O,O,O,O,O,energy after landing,1.197658922131,0,0.894135586,0.412963166,ideal no-slip/no-flight constraint result
2.0,5.86,O,O,O,O,O,energy after landing,1.198476908060,0,0.894015330,0.413351456,ideal no-slip/no-flight constraint result
2.0,5.87,O,O,O,O,O,energy after landing,1.199290387573,0,0.893893768,0.413739604,ideal no-slip/no-flight constraint result
2.0,5.88,O,O,O,O,O,energy after landing,1.200099359679,0,0.893771492,0.414127608,ideal no-slip/no-flight constraint result
2.0,5.89,O,O,O,O,O,energy after landing,1.200903823388,0,0.893648335,0.414515470,ideal no-slip/no-flight constraint result
2.0,5.90,O,O,O,O,O,energy after landing,1.201703777713,0,0.893524024,0.414903190,ideal no-slip/no-flight constraint result
2.0,5.91,O,O,O,O,O,energy after landing,1.202499221667,0,0.893399312,0.415290767,ideal no-slip/no-flight constraint result
2.0,5.92,O,O,O,O,O,energy after landing,1.203290154269,0,0.893272954,0.415678203,ideal no-slip/no-flight constraint result
2.0,5.93,O,O,O,O,O,energy after landing,1.204076574537,0,0.893146132,0.416066399,ideal no-slip/no-flight constraint result
2.0,5.94,O,O,O,O,O,energy after landing,1.204858481492,0,0.893018389,0.416453924,ideal no-slip/no-flight constraint result
2.0,5.95,O,O,O,O,O,energy after landing,1.205635874157,0,0.892889774,0.416841309,ideal no-slip/no-flight constraint result
2.0,5.96,O,O,O,O,O,energy after landing,1.206408751559,0,0.892759958,0.417228555,ideal no-slip/no-flight constraint result
2.0,5.97,O,O,O,O,O,energy after landing,1.207177112724,0,0.892629892,0.417615660,ideal no-slip/no-flight constraint result
2.0,5.98,O,O,O,O,O,energy after landing,1.207940956683,0,0.892497990,0.418002627,ideal no-slip/no-flight constraint result
2.0,5.99,O,O,O,O,O,energy after landing,1.208700282468,0,0.892365908,0.418389455,ideal no-slip/no-flight constraint result
2.0,6.00,O,O,O,O,O,energy after landing,1.209455089113,0,0.892232517,0.418776144,ideal no-slip/no-flight constraint result
4.0,1.00,S,S,S,S,S,rest,0.000000000000,0,1.000000000,0.202710036,within contact bounds
4.0,1.01,S,S,S,S,S,rest,0.000000000000,690,0.943138475,0.203216355,within contact bounds
4.0,1.02,S,S,S,S,S,energy outward,0.000000368276,388,0.945430949,0.203722505,within contact bounds
4.0,1.03,S,S,S,S,S,energy outward,0.000007663975,363,0.941653985,0.204228024,within contact bounds
4.0,1.04,S,S,S,S,S,energy after landing,0.000020164622,26,0.944436517,0.204733123,within contact bounds
4.0,1.05,S,S,S,S,S,energy after landing,0.000244689840,15,0.941249494,0.205237875,within contact bounds
4.0,1.06,S,S,S,S,S,energy after landing,0.000553536263,10,0.944485295,0.205742210,within contact bounds
4.0,1.07,S,S,S,S,S,energy outward,0.001231366684,8,0.945187271,0.206245939,within contact bounds
4.0,1.08,S,S,S,S,S,energy outward,0.000968798211,6,0.951307501,0.206749178,within contact bounds
4.0,1.09,S,S,S,S,S,energy after landing,0.003460486105,5,0.943968515,0.207252120,within contact bounds
4.0,1.10,S,S,S,S,S,energy after landing,0.000476540470,4,0.958132316,0.207754354,within contact bounds
4.0,1.11,S,S,S,S,S,energy after landing,0.004788735327,3,0.953858921,0.208256258,within contact bounds
4.0,1.12,S,S,S,S,S,energy after landing,0.007817533176,3,0.949472967,0.208757940,within contact bounds
4.0,1.13,S,S,S,S,S,energy after landing,0.009064886982,3,0.944902998,0.209259186,within contact bounds
4.0,1.14,S,S,S,S,S,energy after landing,0.007538488944,3,0.940030252,0.209759609,within contact bounds
4.0,1.15,S,S,S,S,S,energy after landing,0.000205794271,3,0.957138006,0.210260147,within contact bounds
4.0,1.16,S,S,S,S,S,energy after landing,0.004913928834,1,0.967956972,0.210759821,within contact bounds
4.0,1.17,S,S,S,S,S,energy after landing,0.009950941935,1,0.966299155,0.211259341,within contact bounds
4.0,1.18,S,S,S,S,S,energy after landing,0.014872280728,1,0.964677222,0.211758399,within contact bounds
4.0,1.19,S,S,S,S,S,energy after landing,0.019684692888,1,0.963090500,0.212257036,within contact bounds
4.0,1.20,S,S,S,S,S,energy outward,0.024394131320,1,0.961538335,0.212755256,within contact bounds
4.0,1.21,S,S,S,S,S,energy outward,0.029005890357,1,0.960020095,0.213253065,within contact bounds
4.0,1.22,S,S,S,S,S,energy outward,0.033524712919,1,0.958535162,0.213750384,within contact bounds
4.0,1.23,S,S,S,S,S,energy outward,0.037954875861,1,0.957082938,0.214247203,within contact bounds
4.0,1.24,S,S,S,S,S,energy outward,0.042300258717,1,0.955662841,0.214743929,within contact bounds
4.0,1.25,S,S,S,S,S,energy outward,0.046564399627,1,0.954274306,0.215240253,within contact bounds
4.0,1.26,S,S,S,S,S,energy outward,0.050750541270,1,0.952916783,0.215735947,within contact bounds
4.0,1.27,S,S,S,S,S,energy outward,0.054861668902,1,0.951589738,0.216231461,within contact bounds
4.0,1.28,S,S,S,S,S,energy outward,0.058900542112,1,0.950292649,0.216726470,within contact bounds
4.0,1.29,S,S,S,S,S,energy outward,0.062869721521,1,0.949025011,0.217221113,within contact bounds
4.0,1.30,S,S,S,S,S,energy outward,0.066771591394,1,0.947786332,0.217715436,within contact bounds
4.0,1.31,S,S,S,S,S,energy outward,0.070608378892,1,0.946576132,0.218209235,within contact bounds
4.0,1.32,S,S,S,S,S,energy outward,0.074382170581,1,0.945393944,0.218702703,within contact bounds
4.0,1.33,S,S,S,S,S,energy outward,0.078094926656,1,0.944239315,0.219196022,within contact bounds
4.0,1.34,S,S,S,S,S,energy outward,0.081748493258,1,0.943111802,0.219688575,within contact bounds
4.0,1.35,S,S,S,S,S,energy outward,0.085344613202,1,0.942010973,0.220181073,within contact bounds
4.0,1.36,S,S,S,S,S,energy outward,0.088884935354,1,0.940936409,0.220673225,within contact bounds
4.0,1.37,S,S,S,S,S,energy outward,0.092371022871,1,0.939887700,0.221164810,within contact bounds
4.0,1.38,S,S,S,S,S,energy outward,0.095804360464,1,0.938864449,0.221656082,within contact bounds
4.0,1.39,S,S,S,S,S,energy outward,0.099186360833,1,0.937866265,0.222146809,within contact bounds
4.0,1.40,S,S,S,S,S,energy outward,0.102518370383,1,0.936892770,0.222637407,within contact bounds
4.0,1.41,S,S,S,S,S,energy outward,0.105801674328,1,0.935943595,0.223127838,within contact bounds
4.0,1.42,S,S,S,S,S,energy outward,0.109037501245,1,0.935018378,0.223617696,within contact bounds
4.0,1.43,S,S,S,S,S,energy outward,0.112227027179,1,0.934116769,0.224107196,within contact bounds
4.0,1.44,S,S,S,S,S,energy outward,0.115371379331,1,0.933238423,0.224596341,within contact bounds
4.0,1.45,S,S,S,S,S,energy outward,0.118471639384,1,0.932383007,0.225085118,within contact bounds
4.0,1.46,S,S,S,S,S,energy outward,0.121528846528,1,0.931550193,0.225573543,within contact bounds
4.0,1.47,S,S,S,S,S,energy outward,0.124544000198,1,0.930739663,0.226061618,within contact bounds
4.0,1.48,S,S,S,S,S,energy outward,0.127518062566,1,0.929951104,0.226549380,within contact bounds
4.0,1.49,S,S,S,S,S,energy outward,0.130451960824,1,0.929184214,0.227036765,within contact bounds
4.0,1.50,S,S,S,S,S,energy outward,0.133346589262,1,0.928438695,0.227523805,within contact bounds
4.0,1.51,S,S,S,S,S,energy outward,0.136202811183,1,0.927714256,0.228010388,within contact bounds
4.0,1.52,S,S,S,S,S,energy outward,0.139021460653,1,0.927010616,0.228496741,within contact bounds
4.0,1.53,S,S,S,S,S,energy outward,0.141803344124,1,0.926327495,0.228982751,within contact bounds
4.0,1.54,S,S,S,S,S,energy outward,0.144549241918,1,0.925664626,0.229468163,within contact bounds
4.0,1.55,S,S,S,S,S,energy outward,0.147259909615,1,0.925021741,0.229953759,within contact bounds
4.0,1.56,S,S,S,S,S,energy outward,0.149936079319,1,0.924398585,0.230438754,within contact bounds
4.0,1.57,S,S,S,S,S,energy outward,0.152578460854,1,0.923794902,0.230923509,within contact bounds
4.0,1.58,S,S,S,S,S,energy outward,0.155187742857,1,0.923210448,0.231407756,within contact bounds
4.0,1.59,S,S,S,S,S,energy outward,0.157764593805,1,0.922644979,0.231891490,within contact bounds
4.0,1.60,S,S,S,S,S,energy outward,0.160309662977,1,0.922098260,0.232375333,within contact bounds
4.0,1.61,S,S,S,S,S,energy outward,0.162823581336,1,0.921570059,0.232858791,within contact bounds
4.0,1.62,S,S,S,S,S,energy outward,0.165306962374,1,0.921060151,0.233341734,within contact bounds
4.0,1.63,S,S,S,S,S,energy outward,0.167760402889,1,0.920568314,0.233824157,within contact bounds
4.0,1.64,S,S,S,S,S,energy outward,0.170184483719,1,0.920094332,0.234306624,within contact bounds
4.0,1.65,S,S,S,S,S,energy outward,0.172579770432,1,0.919637992,0.234832175,within contact bounds
4.0,1.66,S,S,S,S,S,energy outward,0.174946813971,1,0.919199088,0.235403998,within contact bounds
4.0,1.67,S,S,S,S,S,energy outward,0.177286151268,1,0.918777416,0.235975565,within contact bounds
4.0,1.68,S,S,S,S,S,energy outward,0.179598305817,1,0.918372777,0.236524833,within contact bounds
4.0,1.69,S,S,S,S,S,energy outward,0.181883788214,1,0.917984978,0.237044635,within contact bounds
4.0,1.70,S,S,S,S,S,energy outward,0.184143096676,1,0.917613826,0.237535370,within contact bounds
4.0,1.71,S,S,S,S,S,energy outward,0.186376717518,1,0.917259136,0.237997421,within contact bounds
4.0,1.72,S,S,S,S,S,energy outward,0.188585125619,1,0.916920725,0.238431166,within contact bounds
4.0,1.73,S,S,S,S,S,energy outward,0.190768784851,1,0.916598412,0.238836971,within contact bounds
4.0,1.74,S,S,S,S,S,energy outward,0.192928148498,1,0.916292024,0.239215192,within contact bounds
4.0,1.75,S,S,S,S,S,energy outward,0.195063659642,1,0.916001388,0.239590925,within contact bounds
4.0,1.76,S,S,S,S,S,energy outward,0.197175751541,1,0.915726334,0.240069438,within contact bounds
4.0,1.77,S,S,S,S,S,energy outward,0.199264847979,1,0.915466699,0.240547802,within contact bounds
4.0,1.78,S,S,S,S,S,energy outward,0.201331363608,1,0.915222319,0.241025425,within contact bounds
4.0,1.79,S,S,S,S,S,energy outward,0.203375704263,1,0.914993036,0.241503214,within contact bounds
4.0,1.80,S,S,S,S,S,energy outward,0.205398267278,1,0.914778555,0.241980230,within contact bounds
4.0,1.81,S,S,S,S,S,energy outward,0.207399441769,1,0.914568903,0.242457173,within contact bounds
4.0,1.82,S,S,S,S,S,energy outward,0.209379608923,1,0.914359542,0.242933983,within contact bounds
4.0,1.83,S,S,S,S,S,energy outward,0.211339142257,1,0.914150637,0.243410075,within contact bounds
4.0,1.84,S,S,S,S,S,energy outward,0.213278407881,1,0.913942214,0.243886294,within contact bounds
4.0,1.85,S,S,S,S,S,energy outward,0.215197764738,1,0.913734302,0.244361749,within contact bounds
4.0,1.86,S,S,S,S,S,energy outward,0.217097564842,1,0.913526466,0.244837376,within contact bounds
4.0,1.87,S,S,S,S,S,energy outward,0.218978153499,1,0.913319113,0.245312211,within contact bounds
4.0,1.88,S,S,S,S,S,energy outward,0.220839869529,1,0.913112307,0.245787230,within contact bounds
4.0,1.89,S,S,S,S,S,energy outward,0.222683045468,1,0.912905759,0.246261462,within contact bounds
4.0,1.90,S,S,S,S,S,energy outward,0.224508007767,1,0.912699517,0.246735871,within contact bounds
4.0,1.91,S,S,S,S,S,energy outward,0.226315076988,1,0.912493903,0.247209497,within contact bounds
4.0,1.92,S,S,S,S,S,energy outward,0.228104567984,1,0.912288384,0.247683305,within contact bounds
4.0,1.93,S,S,S,S,S,energy outward,0.229876790077,1,0.912083374,0.248156322,within contact bounds
4.0,1.94,S,S,S,S,S,energy outward,0.231632047229,1,0.911878806,0.248629539,within contact bounds
4.0,1.95,S,S,S,S,S,energy outward,0.233370638207,1,0.911674432,0.249101947,within contact bounds
4.0,1.96,S,S,S,S,S,energy outward,0.235092856738,1,0.911470662,0.249574573,within contact bounds
4.0,1.97,S,S,S,S,S,energy outward,0.236798991668,1,0.911266984,0.250046398,within contact bounds
4.0,1.98,S,S,S,S,S,energy outward,0.238489327102,1,0.911063991,0.250518415,within contact bounds
4.0,1.99,S,S,S,S,S,energy outward,0.240164142553,1,0.910861018,0.250989667,within contact bounds
4.0,2.00,S,S,S,S,S,energy outward,0.241823713076,1,0.910658740,0.251461070,within contact bounds
4.0,2.01,S,S,S,S,S,energy outward,0.243468309402,1,0.910456542,0.251931964,within contact bounds
4.0,2.02,S,S,S,S,S,energy outward,0.245098198065,1,0.910254860,0.252402316,within contact bounds
4.0,2.03,S,S,S,S,S,energy outward,0.246713641529,1,0.910053533,0.252872871,within contact bounds
4.0,2.04,S,S,S,S,S,energy outward,0.248314898308,1,0.909852470,0.253342597,within contact bounds
4.0,2.05,S,S,S,S,S,energy outward,0.249902223080,1,0.909652030,0.253812592,within contact bounds
4.0,2.06,S,S,S,S,S,energy outward,0.251475866806,1,0.909451560,0.254281798,within contact bounds
4.0,2.07,S,S,S,S,S,energy outward,0.253036076831,1,0.909251687,0.254751143,within contact bounds
4.0,2.08,S,S,S,S,S,energy outward,0.254583096998,1,0.909052253,0.255220012,within contact bounds
4.0,2.09,S,S,S,S,S,energy outward,0.256117167750,1,0.908852842,0.255688277,within contact bounds
4.0,2.10,S,S,S,S,S,energy outward,0.257638526227,1,0.908654004,0.256156831,within contact bounds
4.0,2.11,S,S,S,S,S,energy outward,0.259147406364,1,0.908455676,0.256624602,within contact bounds
4.0,2.12,S,S,S,S,S,energy outward,0.260644038990,1,0.908257307,0.257092491,within contact bounds
4.0,2.13,S,S,S,S,S,energy outward,0.262128651915,1,0.908059483,0.257559936,within contact bounds
4.0,2.14,S,S,S,S,S,energy outward,0.263601470024,1,0.907862183,0.258026722,within contact bounds
4.0,2.15,S,S,S,S,S,energy outward,0.265062715359,1,0.907665024,0.258493870,within contact bounds
4.0,2.16,S,S,S,S,S,energy outward,0.266512607210,1,0.907468103,0.258960255,within contact bounds
4.0,2.17,S,S,S,S,S,energy outward,0.267951362194,1,0.907271672,0.259426394,within contact bounds
4.0,2.18,S,S,S,S,S,energy outward,0.269379194335,1,0.907075724,0.259892722,within contact bounds
4.0,2.19,S,S,S,S,S,energy outward,0.270796315146,1,0.906880027,0.260358211,within contact bounds
4.0,2.20,S,S,S,S,S,energy outward,0.272202933704,1,0.906684437,0.260823782,within contact bounds
4.0,2.21,S,S,S,S,S,energy outward,0.273599256725,1,0.906489333,0.261288992,within contact bounds
4.0,2.22,S,S,S,S,S,energy outward,0.274985488637,1,0.906294604,0.261753637,within contact bounds
4.0,2.23,S,S,S,S,S,energy outward,0.276361831654,1,0.906100315,0.262218361,within contact bounds
4.0,2.24,S,S,S,S,S,energy outward,0.277728485843,1,0.905906344,0.262682737,within contact bounds
4.0,2.25,S,S,S,S,S,energy outward,0.279085649194,1,0.905712536,0.263146306,within contact bounds
4.0,2.26,S,S,S,S,S,energy outward,0.280433517687,1,0.905519095,0.263610419,within contact bounds
4.0,2.27,S,S,S,S,S,energy outward,0.281772285359,1,0.905326007,0.264073972,within contact bounds
4.0,2.28,S,S,S,S,S,energy outward,0.283102144366,1,0.905133263,0.264536672,within contact bounds
4.0,2.29,S,S,S,S,S,energy outward,0.284423285048,1,0.904940888,0.264999971,within contact bounds
4.0,2.30,S,S,S,S,S,energy outward,0.285735895991,1,0.904748851,0.265462712,within contact bounds
4.0,2.31,S,S,S,S,S,energy outward,0.287040164087,1,0.904557242,0.265924534,within contact bounds
4.0,2.32,S,S,S,S,S,energy outward,0.288336274595,1,0.904365883,0.266387031,within contact bounds
4.0,2.33,S,S,S,S,S,energy outward,0.289624411198,1,0.904174849,0.266848972,within contact bounds
4.0,2.34,S,S,S,S,S,energy outward,0.290904756063,1,0.903984139,0.267310355,within contact bounds
4.0,2.35,S,S,S,S,S,energy outward,0.292177489896,1,0.903793627,0.267771611,within contact bounds
4.0,2.36,S,S,S,S,S,energy outward,0.293442791999,1,0.903603537,0.268232763,within contact bounds
4.0,2.37,S,S,S,S,S,energy outward,0.294700840327,1,0.903413779,0.268693361,within contact bounds
4.0,2.38,S,S,S,S,S,energy outward,0.295951811539,1,0.903224351,0.269153401,within contact bounds
4.0,2.39,S,S,S,S,S,energy outward,0.297195881052,1,0.903035156,0.269614100,within contact bounds
4.0,2.40,S,S,S,S,S,energy outward,0.298433223097,1,0.902846382,0.270073922,within contact bounds
4.0,2.41,S,S,S,S,S,energy outward,0.299664010771,1,0.902657935,0.270533192,within contact bounds
4.0,2.42,S,S,S,S,S,energy outward,0.300888416084,1,0.902469815,0.270992801,within contact bounds
4.0,2.43,S,S,S,S,S,energy outward,0.302106610018,1,0.902282024,0.271452101,within contact bounds
4.0,2.44,S,S,S,S,S,energy outward,0.303318762569,1,0.902094469,0.271910562,within contact bounds
4.0,2.45,S,S,S,S,S,energy outward,0.304525042805,1,0.901907316,0.272369214,within contact bounds
4.0,2.46,S,S,S,S,S,energy outward,0.305725618911,1,0.901720490,0.272827762,within contact bounds
4.0,2.47,S,S,S,S,S,energy outward,0.306920658240,1,0.901533993,0.273285765,within contact bounds
4.0,2.48,S,S,S,S,S,energy outward,0.308110327361,1,0.901347827,0.273743220,within contact bounds
4.0,2.49,S,S,S,S,S,energy outward,0.309294792112,1,0.901161991,0.274200747,within contact bounds
4.0,2.50,S,S,S,S,S,energy outward,0.310474217640,1,0.900976490,0.274658253,within contact bounds
4.0,2.51,S,S,S,S,S,energy outward,0.311648768457,1,0.900791194,0.275115216,within contact bounds
4.0,2.52,S,S,S,S,S,energy outward,0.312818608486,1,0.900606255,0.275571518,within contact bounds
4.0,2.53,S,S,S,S,S,energy outward,0.313983901104,1,0.900421661,0.276028299,within contact bounds
4.0,2.54,S,S,S,S,S,energy outward,0.315144809198,1,0.900237267,0.276484542,within contact bounds
4.0,2.55,S,S,S,S,S,energy outward,0.316301495206,1,0.900053202,0.276940245,within contact bounds
4.0,2.56,S,S,S,S,S,energy outward,0.317454121165,1,0.899869468,0.277395588,within contact bounds
4.0,2.57,S,S,S,S,S,energy outward,0.318602848761,1,0.899686068,0.277851361,within contact bounds
4.0,2.58,S,S,S,S,S,energy outward,0.319747839377,1,0.899503004,0.278306599,within contact bounds
4.0,2.59,S,S,S,S,S,energy outward,0.320889254136,1,0.899320279,0.278761301,within contact bounds
4.0,2.60,S,S,S,S,S,energy outward,0.322027253954,1,0.899137894,0.279215467,within contact bounds
4.0,2.61,S,S,S,S,S,energy outward,0.323161999582,1,0.898955853,0.279670215,within contact bounds
4.0,2.62,S,S,S,S,S,energy outward,0.324293651660,1,0.898774159,0.280124467,within contact bounds
4.0,2.63,S,S,S,S,S,energy outward,0.325422370760,1,0.898592642,0.280578187,within contact bounds
4.0,2.64,S,S,S,S,S,energy outward,0.326548317436,1,0.898411351,0.281031376,within contact bounds
4.0,2.65,S,S,S,S,S,energy outward,0.327671652273,1,0.898230405,0.281484882,within contact bounds
4.0,2.66,S,S,S,S,S,energy outward,0.328792535936,1,0.898049805,0.281938168,within contact bounds
4.0,2.67,S,S,S,S,S,energy outward,0.329911129219,1,0.897869555,0.282390927,within contact bounds
4.0,2.68,S,S,S,S,S,energy outward,0.331027593094,1,0.897689657,0.282843159,within contact bounds
4.0,2.69,S,S,S,S,S,energy outward,0.332142088759,1,0.897510114,0.283295380,within contact bounds
4.0,2.70,S,S,S,S,S,energy outward,0.333254777694,1,0.897330927,0.283747720,within contact bounds
4.0,2.71,S,S,S,S,S,energy outward,0.334365821707,1,0.897151755,0.284199537,within contact bounds
4.0,2.72,S,S,S,S,S,energy outward,0.335475382988,1,0.896972935,0.284650833,within contact bounds
4.0,2.73,S,S,S,S,S,energy outward,0.336583624160,1,0.896794472,0.285101725,within contact bounds
4.0,2.74,S,S,S,S,S,energy outward,0.337690708333,1,0.896616367,0.285553138,within contact bounds
4.0,2.75,S,S,S,S,S,energy outward,0.338796799157,1,0.896438624,0.286004034,within contact bounds
4.0,2.76,S,S,S,S,S,energy outward,0.339902060874,1,0.896261243,0.286454415,within contact bounds
4.0,2.77,S,S,S,S,S,energy outward,0.341006658378,1,0.896084116,0.286904280,within contact bounds
4.0,2.78,S,S,S,S,S,energy outward,0.342110757268,1,0.895907080,0.287354434,within contact bounds
4.0,2.79,S,S,S,S,S,energy outward,0.343214523903,1,0.895730407,0.287804429,within contact bounds
4.0,2.80,S,S,S,S,S,energy outward,0.344318125465,1,0.895554099,0.288253915,within contact bounds
4.0,2.81,S,S,S,S,S,energy outward,0.345421730011,1,0.895378157,0.288702890,within contact bounds
4.0,2.82,S,S,S,S,S,energy outward,0.346525506540,1,0.895202583,0.289151616,within contact bounds
4.0,2.83,S,S,S,S,S,energy outward,0.347629625051,1,0.895027136,0.289600378,within contact bounds
4.0,2.84,S,S,S,S,S,energy outward,0.348734256602,1,0.894851988,0.290049223,within contact bounds
4.0,2.85,S,S,S,S,S,energy outward,0.349839573379,1,0.894677210,0.290497564,within contact bounds
4.0,2.86,S,S,S,S,S,energy outward,0.350945748759,1,0.894502805,0.290945403,within contact bounds
4.0,2.87,S,S,S,S,S,energy outward,0.352052957375,1,0.894328771,0.291392741,within contact bounds
4.0,2.88,S,S,S,S,S,energy outward,0.353161375186,1,0.894154883,0.291840440,within contact bounds
4.0,2.89,S,S,S,S,S,energy outward,0.354271179545,1,0.893981165,0.292287932,within contact bounds
4.0,2.90,S,S,S,S,S,energy after landing,0.401517501109,0,0.893808036,0.292734947,within contact bounds
4.0,2.91,S,S,S,S,S,energy after landing,0.402771371888,0,0.893634849,0.293181427,within contact bounds
4.0,2.92,S,S,S,S,S,energy after landing,0.404024254313,0,0.893462154,0.293627599,within contact bounds
4.0,2.93,S,S,S,S,S,energy after landing,0.405276148300,0,0.893289766,0.294074013,within contact bounds
4.0,2.94,S,S,S,S,S,energy after landing,0.406527053764,0,0.893117683,0.294520257,within contact bounds
4.0,2.95,S,S,S,S,S,energy after landing,0.407776970618,0,0.892945907,0.294966136,within contact bounds
4.0,2.96,S,S,S,S,S,energy after landing,0.409025898770,0,0.892774632,0.295411476,within contact bounds
4.0,2.97,S,S,S,S,S,energy after landing,0.410273838130,0,0.892603506,0.295856468,within contact bounds
4.0,2.98,S,S,S,S,S,energy after landing,0.411520788603,0,0.892432550,0.296301390,within contact bounds
4.0,2.99,S,S,S,S,S,energy after landing,0.412766750093,0,0.892261878,0.296746454,within contact bounds
4.0,3.00,S,S,S,S,S,energy after landing,0.414011722501,0,0.892091511,0.297191161,within contact bounds
4.0,3.01,S,S,S,S,S,energy after landing,0.415255705728,0,0.891921355,0.297635420,within contact bounds
4.0,3.02,S,S,S,S,S,energy after landing,0.416498699670,0,0.891751634,0.298079261,within contact bounds
4.0,3.03,S,S,S,S,S,energy after landing,0.417740704224,0,0.891582217,0.298522750,within contact bounds
4.0,3.04,S,S,S,S,S,energy after landing,0.418981719284,0,0.891413103,0.298966478,within contact bounds
4.0,3.05,S,S,S,S,S,energy after landing,0.420221744742,0,0.891244293,0.299410041,within contact bounds
4.0,3.06,S,S,S,S,S,energy after landing,0.421460780489,0,0.891075952,0.299853275,within contact bounds
4.0,3.07,S,S,S,S,S,energy after landing,0.422698826413,0,0.890907626,0.300295990,ideal no-slip/no-flight constraint result
4.0,3.08,S,S,S,S,S,energy after landing,0.423935882402,0,0.890739601,0.300738361,ideal no-slip/no-flight constraint result
4.0,3.09,S,S,S,S,S,energy after landing,0.425171948341,0,0.890571878,0.301180390,ideal no-slip/no-flight constraint result
4.0,3.10,S,S,S,S,S,energy after landing,0.426407024113,0,0.890404457,0.301622784,ideal no-slip/no-flight constraint result
4.0,3.11,S,S,S,S,S,energy after landing,0.427641109602,0,0.890237338,0.302064885,ideal no-slip/no-flight constraint result
4.0,3.12,S,S,S,S,S,energy after landing,0.428874204688,0,0.890070548,0.302506659,ideal no-slip/no-flight constraint result
4.0,3.13,S,S,S,S,S,energy after landing,0.430106309251,0,0.889904073,0.302947935,ideal no-slip/no-flight constraint result
4.0,3.14,S,S,S,S,S,energy after landing,0.431337423168,0,0.889737900,0.303388876,ideal no-slip/no-flight constraint result
4.0,3.15,S,S,S,S,S,energy after landing,0.432567546315,0,0.889572028,0.303829484,ideal no-slip/no-flight constraint result
4.0,3.16,S,S,S,S,S,energy after landing,0.433796678569,0,0.889406457,0.304270400,ideal no-slip/no-flight constraint result
4.0,3.17,S,S,S,S,S,energy after landing,0.435024819801,0,0.889241187,0.304711079,ideal no-slip/no-flight constraint result
4.0,3.18,S,S,S,S,S,energy after landing,0.436251969886,0,0.889075855,0.305151466,ideal no-slip/no-flight constraint result
4.0,3.19,S,S,S,S,S,energy after landing,0.437478128694,0,0.888911054,0.305591339,ideal no-slip/no-flight constraint result
4.0,3.20,S,S,S,S,S,energy after landing,0.438703296095,0,0.888746553,0.306030885,ideal no-slip/no-flight constraint result
4.0,3.21,S,S,S,S,S,energy after landing,0.439927471957,0,0.888582351,0.306470106,ideal no-slip/no-flight constraint result
4.0,3.22,S,S,S,S,S,energy after landing,0.441150656148,0,0.888418448,0.306909403,ideal no-slip/no-flight constraint result
4.0,3.23,S,S,S,S,S,energy after landing,0.442372848534,0,0.888254845,0.307348693,ideal no-slip/no-flight constraint result
4.0,3.24,S,S,S,S,S,energy after landing,0.443594048981,0,0.888091763,0.307787764,ideal no-slip/no-flight constraint result
4.0,3.25,S,S,S,S,S,energy after landing,0.444814257351,0,0.887928751,0.308226266,ideal no-slip/no-flight constraint result
4.0,3.26,S,S,S,S,S,energy after landing,0.446033473509,0,0.887765908,0.308664449,ideal no-slip/no-flight constraint result
4.0,3.27,S,S,S,S,S,energy after landing,0.447251697316,0,0.887603362,0.309102316,ideal no-slip/no-flight constraint result
4.0,3.28,S,S,S,S,S,energy after landing,0.448468928632,0,0.887441114,0.309539866,ideal no-slip/no-flight constraint result
4.0,3.29,S,S,S,S,S,energy after landing,0.449685167317,0,0.887279164,0.309977783,ideal no-slip/no-flight constraint result
4.0,3.30,S,S,S,S,S,energy after landing,0.450900413230,0,0.887117500,0.310415604,ideal no-slip/no-flight constraint result
4.0,3.31,S,S,S,S,S,energy after landing,0.452114666229,0,0.886956191,0.310852766,ideal no-slip/no-flight constraint result
4.0,3.32,S,S,S,S,S,energy after landing,0.453327926171,0,0.886795180,0.311289617,ideal no-slip/no-flight constraint result
4.0,3.33,S,S,S,S,S,energy after landing,0.454540192911,0,0.886634467,0.311726157,ideal no-slip/no-flight constraint result
4.0,3.34,S,S,S,S,S,energy after landing,0.455751466305,0,0.886474051,0.312162388,ideal no-slip/no-flight constraint result
4.0,3.35,S,S,S,S,S,energy after landing,0.456961746205,0,0.886313932,0.312598392,ideal no-slip/no-flight constraint result
4.0,3.36,S,S,S,S,S,energy after landing,0.458171032467,0,0.886154043,0.313034688,ideal no-slip/no-flight constraint result
4.0,3.37,S,S,S,S,S,energy after landing,0.459379324941,0,0.885994128,0.313470876,ideal no-slip/no-flight constraint result
4.0,3.38,S,S,S,S,S,energy after landing,0.460586623479,0,0.885834753,0.313906420,ideal no-slip/no-flight constraint result
4.0,3.39,S,S,S,S,S,energy after landing,0.461792927933,0,0.885675674,0.314341661,ideal no-slip/no-flight constraint result
4.0,3.40,S,S,S,S,S,energy after landing,0.462998238152,0,0.885516891,0.314776599,ideal no-slip/no-flight constraint result
4.0,3.41,S,S,S,S,S,energy after landing,0.464202553984,0,0.885358404,0.315211235,ideal no-slip/no-flight constraint result
4.0,3.42,S,S,S,S,S,energy after landing,0.465405875280,0,0.885200212,0.315645571,ideal no-slip/no-flight constraint result
4.0,3.43,S,S,S,S,S,energy after landing,0.466608201885,0,0.885042315,0.316080246,ideal no-slip/no-flight constraint result
4.0,3.44,S,S,S,S,S,energy after landing,0.467809533647,0,0.884884777,0.316514883,ideal no-slip/no-flight constraint result
4.0,3.45,S,S,S,S,S,energy after landing,0.469009870412,0,0.884727320,0.316948848,ideal no-slip/no-flight constraint result
4.0,3.46,S,S,S,S,S,energy after landing,0.470209212026,0,0.884570157,0.317382516,ideal no-slip/no-flight constraint result
4.0,3.47,S,S,S,S,S,energy after landing,0.471407558334,0,0.884413288,0.317815889,ideal no-slip/no-flight constraint result
4.0,3.48,S,S,S,S,S,energy after landing,0.472604909179,0,0.884256713,0.318248967,ideal no-slip/no-flight constraint result
4.0,3.49,S,S,S,S,S,energy after landing,0.473801264405,0,0.884100432,0.318681752,ideal no-slip/no-flight constraint result
4.0,3.50,S,S,S,S,S,energy after landing,0.474996623855,0,0.883944445,0.319114566,ideal no-slip/no-flight constraint result
4.0,3.51,S,S,S,S,S,energy after landing,0.476190987371,0,0.883788918,0.319547728,ideal no-slip/no-flight constraint result
4.0,3.52,S,S,S,S,S,energy after landing,0.477384354796,0,0.883633572,0.319980148,ideal no-slip/no-flight constraint result
4.0,3.53,S,S,S,S,S,energy after landing,0.478576725969,0,0.883478498,0.320412279,ideal no-slip/no-flight constraint result
4.0,3.54,S,S,S,S,S,energy after landing,0.479768100732,0,0.883323528,0.320844122,ideal no-slip/no-flight constraint result
4.0,3.55,S,S,S,S,S,energy after landing,0.480958478924,0,0.883168850,0.321275676,ideal no-slip/no-flight constraint result
4.0,3.56,S,S,S,S,S,energy after landing,0.482147860385,0,0.883014465,0.321706943,ideal no-slip/no-flight constraint result
4.0,3.57,S,S,S,S,S,energy after landing,0.483336244954,0,0.882860372,0.322137925,ideal no-slip/no-flight constraint result
4.0,3.58,S,S,S,S,S,energy after landing,0.484523632469,0,0.882706571,0.322569060,ideal no-slip/no-flight constraint result
4.0,3.59,S,S,S,S,S,energy after landing,0.485710022768,0,0.882553125,0.323000406,ideal no-slip/no-flight constraint result
4.0,3.60,S,S,S,S,S,energy after landing,0.486895415689,0,0.882399964,0.323431031,ideal no-slip/no-flight constraint result
4.0,3.61,S,S,S,S,S,energy after landing,0.488079811067,0,0.882247096,0.323861374,ideal no-slip/no-flight constraint result
4.0,3.62,S,S,S,S,S,energy after landing,0.489263208740,0,0.882094520,0.324291435,ideal no-slip/no-flight constraint result
4.0,3.63,S,S,S,S,S,energy after landing,0.490445608543,0,0.881942181,0.324721215,ideal no-slip/no-flight constraint result
4.0,3.64,S,S,S,S,S,energy after landing,0.491627010312,0,0.881789967,0.325150716,ideal no-slip/no-flight constraint result
4.0,3.65,S,S,S,S,S,energy after landing,0.492807413882,0,0.881638043,0.325579937,ideal no-slip/no-flight constraint result
4.0,3.66,S,S,S,S,S,energy after landing,0.493986819087,0,0.881486411,0.326009217,ideal no-slip/no-flight constraint result
4.0,3.67,S,S,S,S,S,energy after landing,0.495165225762,0,0.881335037,0.326438835,ideal no-slip/no-flight constraint result
4.0,3.68,S,S,S,S,S,energy after landing,0.496342633740,0,0.881184043,0.326867707,ideal no-slip/no-flight constraint result
4.0,3.69,S,S,S,S,S,energy after landing,0.497519042855,0,0.881033340,0.327296303,ideal no-slip/no-flight constraint result
4.0,3.70,S,S,S,S,S,energy after landing,0.498694452939,0,0.880882929,0.327724624,ideal no-slip/no-flight constraint result
4.0,3.71,S,S,S,S,S,energy after landing,0.499868863826,0,0.880732808,0.328152671,ideal no-slip/no-flight constraint result
4.0,3.72,S,S,S,S,S,energy after landing,0.501042275347,0,0.880582978,0.328580445,ideal no-slip/no-flight constraint result
4.0,3.73,S,S,S,S,S,energy after landing,0.502214687334,0,0.880433269,0.329007947,ideal no-slip/no-flight constraint result
4.0,3.74,S,S,S,S,S,energy after landing,0.503386099619,0,0.880283786,0.329435194,ideal no-slip/no-flight constraint result
4.0,3.75,S,S,S,S,S,energy after landing,0.504556512033,0,0.880134477,0.329863170,ideal no-slip/no-flight constraint result
4.0,3.76,S,S,S,S,S,energy after landing,0.505725924406,0,0.879985633,0.330290328,ideal no-slip/no-flight constraint result
4.0,3.77,S,S,S,S,S,energy after landing,0.506894336570,0,0.879837078,0.330717216,ideal no-slip/no-flight constraint result
4.0,3.78,S,S,S,S,S,energy after landing,0.508061748353,0,0.879688813,0.331143835,ideal no-slip/no-flight constraint result
4.0,3.79,S,S,S,S,S,energy after landing,0.509228159587,0,0.879540837,0.331570186,ideal no-slip/no-flight constraint result
4.0,3.80,S,S,S,S,S,energy after landing,0.510393570100,0,0.879393150,0.331996270,ideal no-slip/no-flight constraint result
4.0,3.81,S,S,S,S,S,energy after landing,0.511557979722,0,0.879245753,0.332422087,ideal no-slip/no-flight constraint result
4.0,3.82,S,S,S,S,S,energy after landing,0.512721388282,0,0.879098517,0.332847639,ideal no-slip/no-flight constraint result
4.0,3.83,S,S,S,S,S,energy after landing,0.513883795608,0,0.878951454,0.333272996,ideal no-slip/no-flight constraint result
4.0,3.84,S,S,S,S,S,energy after landing,0.515045201528,0,0.878804556,0.333699023,ideal no-slip/no-flight constraint result
4.0,3.85,S,S,S,S,S,energy after landing,0.516205605872,0,0.878658131,0.334124238,ideal no-slip/no-flight constraint result
4.0,3.86,S,S,S,S,S,energy after landing,0.517365008466,0,0.878511995,0.334549190,ideal no-slip/no-flight constraint result
4.0,3.87,S,S,S,S,S,energy after landing,0.518523409138,0,0.878366146,0.334973880,ideal no-slip/no-flight constraint result
4.0,3.88,S,S,S,S,S,energy after landing,0.519680807716,0,0.878220586,0.335398308,ideal no-slip/no-flight constraint result
4.0,3.89,S,S,S,S,S,energy after landing,0.520837204026,0,0.878075314,0.335822475,ideal no-slip/no-flight constraint result
4.0,3.90,S,S,S,S,S,energy after landing,0.521992597896,0,0.877930330,0.336246382,ideal no-slip/no-flight constraint result
4.0,3.91,S,S,S,S,S,energy after landing,0.523146989152,0,0.877785476,0.336670030,ideal no-slip/no-flight constraint result
4.0,3.92,S,S,S,S,S,energy after landing,0.524300377620,0,0.877640813,0.337093419,ideal no-slip/no-flight constraint result
4.0,3.93,S,S,S,S,S,energy after landing,0.525452763127,0,0.877496322,0.337517480,ideal no-slip/no-flight constraint result
4.0,3.94,S,S,S,S,S,energy after landing,0.526604145499,0,0.877352297,0.337940797,ideal no-slip/no-flight constraint result
4.0,3.95,S,S,S,S,S,energy after landing,0.527754524561,0,0.877208559,0.338363857,ideal no-slip/no-flight constraint result
4.0,3.96,S,S,S,S,S,energy after landing,0.528903900139,0,0.877065107,0.338786661,ideal no-slip/no-flight constraint result
4.0,3.97,S,S,S,S,S,energy after landing,0.530052272058,0,0.876921942,0.339209209,ideal no-slip/no-flight constraint result
4.0,3.98,S,S,S,S,S,energy after landing,0.531199640144,0,0.876779064,0.339631502,ideal no-slip/no-flight constraint result
4.0,3.99,S,S,S,S,S,energy after landing,0.532346004221,0,0.876636473,0.340053541,ideal no-slip/no-flight constraint result
4.0,4.00,S,S,S,S,S,energy after landing,0.533491364115,0,0.876493907,0.340475327,ideal no-slip/no-flight constraint result
4.0,4.01,S,S,S,S,S,energy after landing,0.534635719649,0,0.876351623,0.340896860,ideal no-slip/no-flight constraint result
4.0,4.02,S,S,S,S,S,energy after landing,0.535779070649,0,0.876209624,0.341318161,ideal no-slip/no-flight constraint result
4.0,4.03,S,S,S,S,S,energy after landing,0.536921416939,0,0.876067894,0.341740205,ideal no-slip/no-flight constraint result
4.0,4.04,S,S,S,S,S,energy after landing,0.538062758342,0,0.875926535,0.342161414,ideal no-slip/no-flight constraint result
4.0,4.05,S,S,S,S,S,energy after landing,0.539203094684,0,0.875785460,0.342582373,ideal no-slip/no-flight constraint result
4.0,4.06,S,S,S,S,S,energy after landing,0.540342425787,0,0.875644671,0.343003081,ideal no-slip/no-flight constraint result
4.0,4.07,S,S,S,S,S,energy after landing,0.541480751475,0,0.875504167,0.343423540,ideal no-slip/no-flight constraint result
4.0,4.08,S,S,S,S,S,energy after landing,0.542618071573,0,0.875363781,0.343843751,ideal no-slip/no-flight constraint result
4.0,4.09,S,S,S,S,S,energy after landing,0.543754385903,0,0.875223573,0.344263713,ideal no-slip/no-flight constraint result
4.0,4.10,S,S,S,S,S,energy after landing,0.544889694288,0,0.875083648,0.344683428,ideal no-slip/no-flight constraint result
4.0,4.11,S,S,S,S,S,energy after landing,0.546023996553,0,0.874944007,0.345102896,ideal no-slip/no-flight constraint result
4.0,4.12,S,S,S,S,S,energy after landing,0.547157292519,0,0.874804650,0.345522118,ideal no-slip/no-flight constraint result
4.0,4.13,S,S,S,S,S,energy after landing,0.548289582010,0,0.874665686,0.345942039,ideal no-slip/no-flight constraint result
4.0,4.14,S,S,S,S,S,energy after landing,0.549420864849,0,0.874526969,0.346361189,ideal no-slip/no-flight constraint result
4.0,4.15,S,S,S,S,S,energy after landing,0.550551140858,0,0.874388536,0.346780095,ideal no-slip/no-flight constraint result
4.0,4.16,S,S,S,S,S,energy after landing,0.551680409861,0,0.874250249,0.347198757,ideal no-slip/no-flight constraint result
4.0,4.17,S,S,S,S,S,energy after landing,0.552808671678,0,0.874112100,0.347617175,ideal no-slip/no-flight constraint result
4.0,4.18,S,S,S,S,S,energy after landing,0.553935926134,0,0.873974232,0.348035350,ideal no-slip/no-flight constraint result
4.0,4.19,S,S,S,S,S,energy after landing,0.555062173049,0,0.873836647,0.348453283,ideal no-slip/no-flight constraint result
4.0,4.20,S,S,S,S,S,energy after landing,0.556187412247,0,0.873699345,0.348870975,ideal no-slip/no-flight constraint result
4.0,4.21,S,S,S,S,S,energy after landing,0.557311643550,0,0.873562325,0.349288425,ideal no-slip/no-flight constraint result
4.0,4.22,S,S,S,S,S,energy after landing,0.558434866779,0,0.873425587,0.349705635,ideal no-slip/no-flight constraint result
4.0,4.23,S,S,S,S,S,energy after landing,0.559557081756,0,0.873289396,0.350123266,ideal no-slip/no-flight constraint result
4.0,4.24,S,S,S,S,S,energy after landing,0.560678288304,0,0.873153127,0.350540403,ideal no-slip/no-flight constraint result
4.0,4.25,S,S,S,S,S,energy after landing,0.561798486244,0,0.873017019,0.350957301,ideal no-slip/no-flight constraint result
4.0,4.26,S,S,S,S,S,energy after landing,0.562917675397,0,0.872881191,0.351373961,ideal no-slip/no-flight constraint result
4.0,4.27,S,S,S,S,S,energy after landing,0.564035855586,0,0.872745645,0.351790383,ideal no-slip/no-flight constraint result
4.0,4.28,S,S,S,S,S,energy after landing,0.565153026633,0,0.872610380,0.352206568,ideal no-slip/no-flight constraint result
4.0,4.29,S,S,S,S,S,energy after landing,0.566269188357,0,0.872475396,0.352622516,ideal no-slip/no-flight constraint result
4.0,4.30,S,S,S,S,S,energy after landing,0.567384340582,0,0.872340693,0.353038227,ideal no-slip/no-flight constraint result
4.0,4.31,S,S,S,S,S,energy after landing,0.568498483129,0,0.872206272,0.353453702,ideal no-slip/no-flight constraint result
4.0,4.32,S,S,S,S,S,energy after landing,0.569611615818,0,0.872072131,0.353868943,ideal no-slip/no-flight constraint result
4.0,4.33,S,S,S,S,S,energy after landing,0.570723738471,0,0.871938272,0.354283948,ideal no-slip/no-flight constraint result
4.0,4.34,S,S,S,S,S,energy after landing,0.571834850910,0,0.871804616,0.354698720,ideal no-slip/no-flight constraint result
4.0,4.35,S,S,S,S,S,energy after landing,0.572944952956,0,0.871670812,0.355114242,ideal no-slip/no-flight constraint result
4.0,4.36,S,S,S,S,S,energy after landing,0.574054044429,0,0.871537567,0.355528943,ideal no-slip/no-flight constraint result
4.0,4.37,S,S,S,S,S,energy after landing,0.575162125151,0,0.871404602,0.355943410,ideal no-slip/no-flight constraint result
4.0,4.38,S,S,S,S,S,energy after landing,0.576269194944,0,0.871271917,0.356357645,ideal no-slip/no-flight constraint result
4.0,4.39,S,S,S,S,S,energy after landing,0.577375253627,0,0.871139512,0.356771649,ideal no-slip/no-flight constraint result
4.0,4.40,S,S,S,S,S,energy after landing,0.578480301023,0,0.871007386,0.357185421,ideal no-slip/no-flight constraint result
4.0,4.41,S,S,S,S,S,energy after landing,0.579584336951,0,0.870875541,0.357598962,ideal no-slip/no-flight constraint result
4.0,4.42,S,S,S,S,S,energy after landing,0.580687361234,0,0.870743711,0.358012273,ideal no-slip/no-flight constraint result
4.0,4.43,S,S,S,S,S,energy after landing,0.581789373692,0,0.870612107,0.358425354,ideal no-slip/no-flight constraint result
4.0,4.44,S,S,S,S,S,energy after landing,0.582890374146,0,0.870480782,0.358838207,ideal no-slip/no-flight constraint result
4.0,4.45,S,S,S,S,S,energy after landing,0.583990362416,0,0.870349735,0.359250830,ideal no-slip/no-flight constraint result
4.0,4.46,S,S,S,S,S,energy after landing,0.585089338325,0,0.870219067,0.359663926,ideal no-slip/no-flight constraint result
4.0,4.47,S,S,S,S,S,energy after landing,0.586187301692,0,0.870088661,0.360076478,ideal no-slip/no-flight constraint result
4.0,4.48,S,S,S,S,S,energy after landing,0.587284252338,0,0.869958533,0.360488802,ideal no-slip/no-flight constraint result
4.0,4.49,S,S,S,S,S,energy after landing,0.588380190085,0,0.869828484,0.360900900,ideal no-slip/no-flight constraint result
4.0,4.50,S,S,S,S,S,energy after landing,0.589475114753,0,0.869698587,0.361312771,ideal no-slip/no-flight constraint result
4.0,4.51,S,S,S,S,S,energy after landing,0.590569026163,0,0.869568967,0.361724416,ideal no-slip/no-flight constraint result
4.0,4.52,S,S,S,S,S,energy after landing,0.591661924136,0,0.869439624,0.362135836,ideal no-slip/no-flight constraint result
4.0,4.53,S,S,S,S,S,energy after landing,0.592753808492,0,0.869310558,0.362547031,ideal no-slip/no-flight constraint result
4.0,4.54,S,S,S,S,S,energy after landing,0.593844679053,0,0.869181769,0.362958000,ideal no-slip/no-flight constraint result
4.0,4.55,S,S,S,S,S,energy after landing,0.594934535639,0,0.869053257,0.363368746,ideal no-slip/no-flight constraint result
4.0,4.56,S,S,S,S,S,energy after landing,0.596023378071,0,0.868925022,0.363779268,ideal no-slip/no-flight constraint result
4.0,4.57,S,S,S,S,S,energy after landing,0.597111206170,0,0.868797065,0.364189567,ideal no-slip/no-flight constraint result
4.0,4.58,S,S,S,S,S,energy after landing,0.598198019757,0,0.868669346,0.364599644,ideal no-slip/no-flight constraint result
4.0,4.59,S,S,S,S,S,energy after landing,0.599283818652,0,0.868541395,0.365010470,ideal no-slip/no-flight constraint result
4.0,4.60,S,S,S,S,S,energy after landing,0.600368602676,0,0.868414016,0.365420477,ideal no-slip/no-flight constraint result
4.0,4.61,S,S,S,S,S,energy after landing,0.601452371651,0,0.868286914,0.365830261,ideal no-slip/no-flight constraint result
4.0,4.62,S,S,S,S,S,energy after landing,0.602535125397,0,0.868160087,0.366239825,ideal no-slip/no-flight constraint result
4.0,4.63,S,S,S,S,S,energy after landing,0.603616863735,0,0.868033537,0.366649168,ideal no-slip/no-flight constraint result
4.0,4.64,S,S,S,S,S,energy after landing,0.604697586486,0,0.867907262,0.367058291,ideal no-slip/no-flight constraint result
4.0,4.65,S,S,S,S,S,energy after landing,0.605777293471,0,0.867781157,0.367467195,ideal no-slip/no-flight constraint result
4.0,4.66,S,S,S,S,S,energy after landing,0.606855984510,0,0.867655085,0.367875879,ideal no-slip/no-flight constraint result
4.0,4.67,S,S,S,S,S,energy after landing,0.607933659425,0,0.867529287,0.368284344,ideal no-slip/no-flight constraint result
4.0,4.68,S,S,S,S,S,energy after landing,0.609010318037,0,0.867403763,0.368692591,ideal no-slip/no-flight constraint result
4.0,4.69,S,S,S,S,S,energy after landing,0.610085960166,0,0.867278513,0.369100620,ideal no-slip/no-flight constraint result
4.0,4.70,S,S,S,S,S,energy after landing,0.611160585634,0,0.867153537,0.369508431,ideal no-slip/no-flight constraint result
4.0,4.71,S,S,S,S,S,energy after landing,0.612234194262,0,0.867028836,0.369916025,ideal no-slip/no-flight constraint result
4.0,4.72,S,S,S,S,S,energy after landing,0.613306785871,0,0.866904545,0.370324421,ideal no-slip/no-flight constraint result
4.0,4.73,S,S,S,S,S,energy after landing,0.614378360282,0,0.866780128,0.370731947,ideal no-slip/no-flight constraint result
4.0,4.74,S,S,S,S,S,energy after landing,0.615448917316,0,0.866655984,0.371139256,ideal no-slip/no-flight constraint result
4.0,4.75,S,S,S,S,S,energy after landing,0.616518456794,0,0.866532113,0.371546350,ideal no-slip/no-flight constraint result
4.0,4.76,S,S,S,S,S,energy after landing,0.617586978537,0,0.866408515,0.371953229,ideal no-slip/no-flight constraint result
4.0,4.77,S,S,S,S,S,energy after landing,0.618654482368,0,0.866285190,0.372359893,ideal no-slip/no-flight constraint result
4.0,4.78,S,S,S,S,S,energy after landing,0.619720968106,0,0.866162138,0.372766343,ideal no-slip/no-flight constraint result
4.0,4.79,S,S,S,S,S,energy after landing,0.620786435574,0,0.866039359,0.373172579,ideal no-slip/no-flight constraint result
4.0,4.80,S,S,S,S,S,energy after landing,0.621850884592,0,0.865916853,0.373578602,ideal no-slip/no-flight constraint result
4.0,4.81,S,S,S,S,S,energy after landing,0.622914314983,0,0.865794298,0.373984412,ideal no-slip/no-flight constraint result
4.0,4.82,S,S,S,S,S,energy after landing,0.623976726567,0,0.865671966,0.374390009,ideal no-slip/no-flight constraint result
4.0,4.83,S,S,S,S,S,energy after landing,0.625038119166,0,0.865549905,0.374795394,ideal no-slip/no-flight constraint result
4.0,4.84,S,S,S,S,S,energy after landing,0.626098492602,0,0.865428115,0.375200567,ideal no-slip/no-flight constraint result
4.0,4.85,S,S,S,S,S,energy after landing,0.627157846696,0,0.865306596,0.375605728,ideal no-slip/no-flight constraint result
4.0,4.86,S,S,S,S,S,energy after landing,0.628216181269,0,0.865185620,0.376011482,ideal no-slip/no-flight constraint result
4.0,4.87,S,S,S,S,S,energy after landing,0.629273496144,0,0.865064527,0.376416377,ideal no-slip/no-flight constraint result
4.0,4.88,S,S,S,S,S,energy after landing,0.630329791142,0,0.864943543,0.376821061,ideal no-slip/no-flight constraint result
4.0,4.89,S,S,S,S,S,energy after landing,0.631385066085,0,0.864822829,0.377225535,ideal no-slip/no-flight constraint result
4.0,4.90,S,S,S,S,S,energy after landing,0.632439320795,0,0.864702385,0.377629800,ideal no-slip/no-flight constraint result
4.0,4.91,S,S,S,S,S,energy after landing,0.633492555093,0,0.864582211,0.378033856,ideal no-slip/no-flight constraint result
4.0,4.92,S,S,S,S,S,energy after landing,0.634544768802,0,0.864462307,0.378437703,ideal no-slip/no-flight constraint result
4.0,4.93,S,S,S,S,S,energy after landing,0.635595961743,0,0.864342674,0.378841342,ideal no-slip/no-flight constraint result
4.0,4.94,S,S,S,S,S,energy after landing,0.636646133739,0,0.864223311,0.379244773,ideal no-slip/no-flight constraint result
4.0,4.95,S,S,S,S,S,energy after landing,0.637695284611,0,0.864104131,0.379647997,ideal no-slip/no-flight constraint result
4.0,4.96,S,S,S,S,S,energy after landing,0.638743414182,0,0.863984914,0.380051013,ideal no-slip/no-flight constraint result
4.0,4.97,S,S,S,S,S,energy after landing,0.639790522274,0,0.863865966,0.380453822,ideal no-slip/no-flight constraint result
4.0,4.98,S,S,S,S,S,energy after landing,0.640836608709,0,0.863747287,0.380856425,ideal no-slip/no-flight constraint result
4.0,4.99,S,S,S,S,S,energy after landing,0.641881673309,0,0.863628875,0.381258960,ideal no-slip/no-flight constraint result
4.0,5.00,S,S,S,S,S,energy after landing,0.642925715897,0,0.863510733,0.381661594,ideal no-slip/no-flight constraint result
4.0,5.01,S,S,S,S,S,energy after landing,0.643968736296,0,0.863393102,0.382064507,ideal no-slip/no-flight constraint result
4.0,5.02,S,S,S,S,S,energy after landing,0.645010734327,0,0.863275202,0.382466633,ideal no-slip/no-flight constraint result
4.0,5.03,S,S,S,S,S,energy after landing,0.646051709813,0,0.863157569,0.382868555,ideal no-slip/no-flight constraint result
4.0,5.04,S,S,S,S,S,energy after landing,0.647091662578,0,0.863040202,0.383270273,ideal no-slip/no-flight constraint result
4.0,5.05,S,S,S,S,S,energy after landing,0.648130592443,0,0.862923104,0.383671787,ideal no-slip/no-flight constraint result
4.0,5.06,S,S,S,S,S,energy after landing,0.649168499231,0,0.862806272,0.384073097,ideal no-slip/no-flight constraint result
4.0,5.07,S,S,S,S,S,energy after landing,0.650205382765,0,0.862689708,0.384474204,ideal no-slip/no-flight constraint result
4.0,5.08,S,S,S,S,S,energy after landing,0.651241242869,0,0.862573410,0.384875109,ideal no-slip/no-flight constraint result
4.0,5.09,S,S,S,S,S,energy after landing,0.652276079364,0,0.862457260,0.385275811,ideal no-slip/no-flight constraint result
4.0,5.10,S,S,S,S,S,energy after landing,0.653309892075,0,0.862341082,0.385676311,ideal no-slip/no-flight constraint result
4.0,5.11,S,S,S,S,S,energy after landing,0.654342680823,0,0.862225169,0.386076609,ideal no-slip/no-flight constraint result
4.0,5.12,S,S,S,S,S,energy after landing,0.655374445433,0,0.862109522,0.386476706,ideal no-slip/no-flight constraint result
4.0,5.13,S,S,S,S,S,energy after landing,0.656405185727,0,0.861994141,0.386876602,ideal no-slip/no-flight constraint result
4.0,5.14,S,S,S,S,S,energy after landing,0.657434901529,0,0.861879025,0.387276530,ideal no-slip/no-flight constraint result
4.0,5.15,S,S,S,S,S,energy after landing,0.658463592662,0,0.861764174,0.387676458,ideal no-slip/no-flight constraint result
4.0,5.16,S,S,S,S,S,energy after landing,0.659491258950,0,0.861649589,0.388076185,ideal no-slip/no-flight constraint result
4.0,5.17,S,S,S,S,S,energy after landing,0.660517900215,0,0.861534780,0.388476103,ideal no-slip/no-flight constraint result
4.0,5.18,S,S,S,S,S,energy after landing,0.661543516283,0,0.861420413,0.388875336,ideal no-slip/no-flight constraint result
4.0,5.19,S,S,S,S,S,energy after landing,0.662568106975,0,0.861306310,0.389274371,ideal no-slip/no-flight constraint result
4.0,5.20,S,S,S,S,S,energy after landing,0.663591672117,0,0.861192472,0.389673207,ideal no-slip/no-flight constraint result
4.0,5.21,S,S,S,S,S,energy after landing,0.664614211532,0,0.861078898,0.390071844,ideal no-slip/no-flight constraint result
4.0,5.22,S,S,S,S,S,energy after landing,0.665635725043,0,0.860965583,0.390470284,ideal no-slip/no-flight constraint result
4.0,5.23,S,S,S,S,S,energy after landing,0.666656212475,0,0.860852102,0.390868527,ideal no-slip/no-flight constraint result
4.0,5.24,S,S,S,S,S,energy after landing,0.667675673652,0,0.860738882,0.391266572,ideal no-slip/no-flight constraint result
4.0,5.25,S,S,S,S,S,energy after landing,0.668694108398,0,0.860625925,0.391664421,ideal no-slip/no-flight constraint result
4.0,5.26,S,S,S,S,S,energy after landing,0.669711516537,0,0.860513231,0.392062073,ideal no-slip/no-flight constraint result
4.0,5.27,S,S,S,S,S,energy after landing,0.670727897893,0,0.860400799,0.392459528,ideal no-slip/no-flight constraint result
4.0,5.28,S,S,S,S,S,energy after landing,0.671743252290,0,0.860288630,0.392856788,ideal no-slip/no-flight constraint result
4.0,5.29,S,S,S,S,S,energy after landing,0.672757579554,0,0.860176723,0.393253898,ideal no-slip/no-flight constraint result
4.0,5.30,S,S,S,S,S,energy after landing,0.673770879509,0,0.860064809,0.393651190,ideal no-slip/no-flight constraint result
4.0,5.31,S,S,S,S,S,energy after landing,0.674783151979,0,0.859952977,0.394048287,ideal no-slip/no-flight constraint result
4.0,5.32,S,S,S,S,S,energy after landing,0.675794396789,0,0.859841406,0.394445189,ideal no-slip/no-flight constraint result
4.0,5.33,S,S,S,S,S,energy after landing,0.676804613764,0,0.859730095,0.394841897,ideal no-slip/no-flight constraint result
4.0,5.34,S,S,S,S,S,energy after landing,0.677813802728,0,0.859619287,0.395238679,ideal no-slip/no-flight constraint result
4.0,5.35,S,S,S,S,S,energy after landing,0.678821963506,0,0.859508474,0.395634907,ideal no-slip/no-flight constraint result
4.0,5.36,S,S,S,S,S,energy after landing,0.679829095924,0,0.859397612,0.396030941,ideal no-slip/no-flight constraint result
4.0,5.37,S,S,S,S,S,energy after landing,0.680835199807,0,0.859287010,0.396426783,ideal no-slip/no-flight constraint result
4.0,5.38,S,S,S,S,S,energy after landing,0.681840274980,0,0.859176667,0.396822432,ideal no-slip/no-flight constraint result
4.0,5.39,S,S,S,S,S,energy after landing,0.682844321267,0,0.859066584,0.397217889,ideal no-slip/no-flight constraint result
4.0,5.40,S,S,S,S,S,energy after landing,0.683847338495,0,0.858956760,0.397613154,ideal no-slip/no-flight constraint result
4.0,5.41,S,S,S,S,S,energy after landing,0.684849326489,0,0.858847196,0.398008227,ideal no-slip/no-flight constraint result
4.0,5.42,S,S,S,S,S,energy after landing,0.685850285075,0,0.858737785,0.398403109,ideal no-slip/no-flight constraint result
4.0,5.43,S,S,S,S,S,energy after landing,0.686850214077,0,0.858628269,0.398797801,ideal no-slip/no-flight constraint result
4.0,5.44,S,S,S,S,S,energy after landing,0.687849113322,0,0.858519010,0.399192301,ideal no-slip/no-flight constraint result
4.0,5.45,S,S,S,S,S,energy after landing,0.688846982635,0,0.858410010,0.399586615,ideal no-slip/no-flight constraint result
4.0,5.46,S,S,S,S,S,energy after landing,0.689843821843,0,0.858301267,0.399981148,ideal no-slip/no-flight constraint result
4.0,5.47,S,S,S,S,S,energy after landing,0.690839630771,0,0.858192781,0.400375493,ideal no-slip/no-flight constraint result
4.0,5.48,S,S,S,S,S,energy after landing,0.691834409246,0,0.858084554,0.400769647,ideal no-slip/no-flight constraint result
4.0,5.49,S,S,S,S,S,energy after landing,0.692828157093,0,0.857976441,0.401163613,ideal no-slip/no-flight constraint result
4.0,5.50,S,S,S,S,S,energy after landing,0.693820874139,0,0.857868246,0.401557390,ideal no-slip/no-flight constraint result
4.0,5.51,S,S,S,S,S,energy after landing,0.694812560210,0,0.857760306,0.401950979,ideal no-slip/no-flight constraint result
4.0,5.52,S,S,S,S,S,energy after landing,0.695803215133,0,0.857652732,0.402344499,ideal no-slip/no-flight constraint result
4.0,5.53,S,S,S,S,S,energy after landing,0.696792838733,0,0.857545438,0.402737620,ideal no-slip/no-flight constraint result
4.0,5.54,S,S,S,S,S,energy after landing,0.697781430839,0,0.857438220,0.403130554,ideal no-slip/no-flight constraint result
4.0,5.55,S,S,S,S,S,energy after landing,0.698768991275,0,0.857330947,0.403523300,ideal no-slip/no-flight constraint result
4.0,5.56,S,S,S,S,S,energy after landing,0.699755519870,0,0.857223928,0.403915860,ideal no-slip/no-flight constraint result
4.0,5.57,S,S,S,S,S,energy after landing,0.700741016450,0,0.857117164,0.404308233,ideal no-slip/no-flight constraint result
4.0,5.58,S,S,S,S,S,energy after landing,0.701725480841,0,0.857010655,0.404700420,ideal no-slip/no-flight constraint result
4.0,5.59,S,S,S,S,S,energy after landing,0.702708912872,0,0.856904400,0.405092421,ideal no-slip/no-flight constraint result
4.0,5.60,S,S,S,S,S,energy after landing,0.703691312369,0,0.856798400,0.405484236,ideal no-slip/no-flight constraint result
4.0,5.61,S,S,S,S,S,energy after landing,0.704672679159,0,0.856692297,0.405875866,ideal no-slip/no-flight constraint result
4.0,5.62,S,S,S,S,S,energy after landing,0.705653013071,0,0.856586301,0.406267406,ideal no-slip/no-flight constraint result
4.0,5.63,S,S,S,S,S,energy after landing,0.706632313930,0,0.856480557,0.406659071,ideal no-slip/no-flight constraint result
4.0,5.64,S,S,S,S,S,energy after landing,0.707610581565,0,0.856375066,0.407050552,ideal no-slip/no-flight constraint result
4.0,5.65,S,S,S,S,S,energy after landing,0.708587815804,0,0.856269828,0.407441849,ideal no-slip/no-flight constraint result
4.0,5.66,S,S,S,S,S,energy after landing,0.709564016474,0,0.856164842,0.407832962,ideal no-slip/no-flight constraint result
4.0,5.67,S,S,S,S,S,energy after landing,0.710539183402,0,0.856060010,0.408223891,ideal no-slip/no-flight constraint result
4.0,5.68,S,S,S,S,S,energy after landing,0.711513316418,0,0.855955013,0.408614638,ideal no-slip/no-flight constraint result
4.0,5.69,S,S,S,S,S,energy after landing,0.712486415348,0,0.855850267,0.409005201,ideal no-slip/no-flight constraint result
4.0,5.70,S,S,S,S,S,energy after landing,0.713458480022,0,0.855745772,0.409395582,ideal no-slip/no-flight constraint result
4.0,5.71,S,S,S,S,S,energy after landing,0.714429510267,0,0.855641528,0.409785780,ideal no-slip/no-flight constraint result
4.0,5.72,S,S,S,S,S,energy after landing,0.715399505911,0,0.855537650,0.410175652,ideal no-slip/no-flight constraint result
4.0,5.73,S,S,S,S,S,energy after landing,0.716368466783,0,0.855433528,0.410565396,ideal no-slip/no-flight constraint result
4.0,5.74,S,S,S,S,S,energy after landing,0.717336392712,0,0.855329655,0.410954959,ideal no-slip/no-flight constraint result
4.0,5.75,S,S,S,S,S,energy after landing,0.718303283525,0,0.855226032,0.411344340,ideal no-slip/no-flight constraint result
4.0,5.76,S,S,S,S,S,energy after landing,0.719269139052,0,0.855122658,0.411733541,ideal no-slip/no-flight constraint result
4.0,5.77,S,S,S,S,S,energy after landing,0.720233959122,0,0.855019533,0.412122560,ideal no-slip/no-flight constraint result
4.0,5.78,S,S,S,S,S,energy after landing,0.721197743563,0,0.854916500,0.412511400,ideal no-slip/no-flight constraint result
4.0,5.79,S,S,S,S,S,energy after landing,0.722160492205,0,0.854813337,0.412900059,ideal no-slip/no-flight constraint result
4.0,5.80,S,S,S,S,S,energy after landing,0.723122204876,0,0.854710421,0.413288856,ideal no-slip/no-flight constraint result
4.0,5.81,S,S,S,S,S,energy after landing,0.724082881406,0,0.854607753,0.413677554,ideal no-slip/no-flight constraint result
4.0,5.82,S,S,S,S,S,energy after landing,0.725042521624,0,0.854505333,0.414066073,ideal no-slip/no-flight constraint result
4.0,5.83,S,S,S,S,S,energy after landing,0.726001125359,0,0.854403160,0.414454413,ideal no-slip/no-flight constraint result
4.0,5.84,S,S,S,S,S,energy after landing,0.726958692441,0,0.854301156,0.414842574,ideal no-slip/no-flight constraint result
4.0,5.85,S,S,S,S,S,energy after landing,0.727915222699,0,0.854198929,0.415230558,ideal no-slip/no-flight constraint result
4.0,5.86,S,S,S,S,S,energy after landing,0.728870715964,0,0.854096947,0.415618363,ideal no-slip/no-flight constraint result
4.0,5.87,S,S,S,S,S,energy after landing,0.729825172064,0,0.853995211,0.416005990,ideal no-slip/no-flight constraint result
4.0,5.88,S,S,S,S,S,energy after landing,0.730778590830,0,0.853893721,0.416393440,ideal no-slip/no-flight constraint result
4.0,5.89,S,S,S,S,S,energy after landing,0.731730972093,0,0.853792476,0.416780713,ideal no-slip/no-flight constraint result
4.0,5.90,S,S,S,S,S,energy after landing,0.732682315681,0,0.853691414,0.417167809,ideal no-slip/no-flight constraint result
4.0,5.91,S,S,S,S,S,energy after landing,0.733632621425,0,0.853590099,0.417554729,ideal no-slip/no-flight constraint result
4.0,5.92,S,S,S,S,S,energy after landing,0.734581889155,0,0.853489028,0.417941472,ideal no-slip/no-flight constraint result
4.0,5.93,S,S,S,S,S,energy after landing,0.735530118703,0,0.853388355,0.418327607,ideal no-slip/no-flight constraint result
4.0,5.94,S,S,S,S,S,energy after landing,0.736477309898,0,0.853287931,0.418713909,ideal no-slip/no-flight constraint result
4.0,5.95,S,S,S,S,S,energy after landing,0.737423462570,0,0.853187266,0.419100035,ideal no-slip/no-flight constraint result
4.0,5.96,S,S,S,S,S,energy after landing,0.738368576552,0,0.853086759,0.419485986,ideal no-slip/no-flight constraint result
4.0,5.97,S,S,S,S,S,energy after landing,0.739312651672,0,0.852986494,0.419871762,ideal no-slip/no-flight constraint result
4.0,5.98,S,S,S,S,S,energy after landing,0.740255687763,0,0.852886471,0.420257637,ideal no-slip/no-flight constraint result
4.0,5.99,S,S,S,S,S,energy after landing,0.741197684656,0,0.852786691,0.420643455,ideal no-slip/no-flight constraint result
4.0,6.00,S,S,S,S,S,energy after landing,0.742138642181,0,0.852687141,0.421029099,ideal no-slip/no-flight constraint result
